[
 { "region": "Pichu", "name": "Capture Pichu", "category": ["Ranger School", "Vientown", "Vien Forest", "Marine Cave", "Pueltown", "Manaphy Mission", "Shaymin Mission"], "requires": "(|Ranger School Permit|) OR (|Vientown Permit|) OR (|Vien Forest Permit|) OR (|Marine Cave Permit|) OR (|Pueltown Permit|) OR (|Ranger Net| AND |Recover the Manaphy Egg!| AND |Crush|) OR (|Ranger Net| AND |For the Bride and Shaymin!|)" },
 { "region": "Pikachu", "name": "Capture Pikachu", "category": ["Cargo Ship", "Vien Forest", "Chroma Road", "Chroma Highlands", "Crysta Cave", "Volcano Cave"], "requires": "(|Cargo Ship Permit|) OR (|Vien Forest Permit|) OR (|Chroma Road Permit|) OR (|Chroma Highlands Permit|) OR (|Crysta Cave Permit|) OR (|Volcano Cave Permit| AND |Airlift| AND |Drifloon|)" },
 { "region": "Raichu", "name": "Capture Raichu", "category": ["Ice Lake", "Almia Castle", "Volcano Cave", "Dialga Mission", "Palkia Mission"], "requires": "(|Ice Lake Permit|) OR (|Almia Castle Permit|) OR (|Volcano Cave Permit| AND |Magma Flow| AND |Torkoal|) OR (|Ranger Net| AND |Dialga in Hia Valley!?| AND |Burn|) OR (|Ranger Net| AND |Palkia in Haruba Desert!?|)" },
 { "region": "Bidoof", "name": "Capture Bidoof", "category": ["Ranger School", "Vientown", "Vien Forest"], "requires": "(|Ranger School Permit|) OR (|Vientown Permit|) OR (|Vien Forest Permit|)" },
 { "region": "Bibarel", "name": "Capture Bibarel", "category": ["Vien Forest", "Union Road", "Shaymin Mission", "Pueltown"], "requires": "(|Vien Forest Permit|) OR (|Union Road Permit|) OR (|Ranger Net| AND |For the Bride and Shaymin!|) OR (|Pueltown Permit|)" },
 { "region": "Taillow", "name": "Capture Taillow", "category": ["Ranger School", "School Road", "Vientown", "Vien Forest"], "requires": "(|Ranger School Permit|) OR (|School Road Permit|) OR (|Vientown Permit|) OR (|Vien Forest Permit|)" },
 { "region": "Swellow", "name": "Capture Swellow", "category": ["Union Road", "Capture Arena", "Tower Mission"], "requires": "(|Union Road Permit|) OR (|Progressive Capture Arena Permit:2|) OR (|Liberate the Tower!| AND |Ranger Net|)" },
 { "region": "Budew", "name": "Capture Budew", "category": ["Ranger School", "Chicole Path", "Vien Forest"], "requires": "(|Ranger School Permit|) OR (|Chicole Path Permit|)" },
 { "region": "Roselia", "name": "Capture Roselia", "category": ["Vien Forest"], "requires": "(|Vien Forest Permit|)" },
 { "region": "Roserade", "name": "Capture Roserade", "category": ["Vien Forest", "Shaymin Mission"], "requires": "(|Vien Forest Permit|) OR (|Ranger Net| AND |For the Bride and Shaymin!|)" },
 { "region": "Squirtle", "name": "Capture Squirtle", "category": ["Ranger School", "Marine Cave", "Vien Forest"], "requires": "(|Ranger School Permit|) OR (|Marine Cave Permit|) OR (|Vien Forest Permit|)" },
 { "region": "Wartortle", "name": "Capture Wartortle", "category": ["Vien Forest"], "requires": "(|Vien Forest Permit|)" },
 { "region": "Blastoise", "name": "Capture Blastoise", "category": ["Vien Forest"], "requires": "(|Vien Forest Permit|)" },
 { "region": "Zubat", "name": "Capture Zubat", "category": ["Ranger School", "Marine Cave"], "requires": "(|Ranger School Permit|) OR (|Marine Cave Permit|)" },
 { "region": "Golbat", "name": "Capture Golbat", "category": ["Crysta Cave"], "requires": "(|Crysta Cave Permit|)" },
 { "region": "Crobat", "name": "Capture Crobat", "category": ["Altru Building", "Capture Arena"], "requires": "(|Altru Building Permit|) OR (|Progressive Capture Arena Permit|)" },
 { "region": "Gastly", "name": "Capture Gastly", "category": ["Ranger School"], "requires": "(|Ranger School Permit|)" },
 { "region": "Haunter", "name": "Capture Haunter", "category": ["Almia Castle", "Oil Field Hideout", "Riolu Mission", "Tower Mission", "Dialga Mission", "Palkia Mission"], "requires": "(|Almia Castle Permit|) OR (|Oil Field Hideout Permit|) OR (|Rescue Kidnapped Riolu!| AND |Ranger Net|) OR (|Liberate the Tower!| AND |Ranger Net| AND |Electrify|) OR (|Dialga in Hia Valley!?| AND |Ranger Net|) OR (|Ranger Net| AND |Palkia in Haruba Desert!?|)" },
 { "region": "Gengar", "name": "Capture Gengar", "category": ["Altru Building", "Altru Tower", "Hippowdon Temple", "Capture Arena", "Tower Mission"], "requires": "(|Altru Building Permit|) OR (|Altru Tower Permit|) OR (|Hippowdon Temple Permit| AND |Elevate| AND |Drifblim|) OR (|Progressive Capture Arena Permit|) OR (|Liberate the Tower!| AND |Ranger Net| AND |Electrify|)" },
 { "region": "Buneary", "name": "Capture Buneary", "category": ["School Road", "Vien Forest", "Manaphy Mission"], "requires": "(|School Road Permit|) OR (|Vien Forest Permit|) OR (|Recover the Manaphy Egg!| AND |Ranger Net|)" },
 { "region": "Lopunny", "name": "Capture Lopunny", "category": ["Vien Forest", "Palkia Mission"], "requires": "(|Vien Forest Permit|) OR (|Ranger Net| AND |Palkia in Haruba Desert!?|)" },
 { "region": "Happiny", "name": "Capture Happiny", "category": ["Vien Forest"], "requires": "(|Vien Forest Permit|)" },
 { "region": "Staravia", "name": "Capture Staravia", "category": ["Peril Cliffs"], "requires": "(|Peril Cliffs Permit|)" },
 { "region": "Staraptor", "name": "Capture Staraptor (1)", "category": ["School Road", "Chicole Path", "Vien Forest", "Altru Park", "Chroma Road", "Chroma Highlands", "Ranger Union", "Shiver Camp", "Ice Lake", "Boyleland", "Haruba Desert", "Capture Arena", "Oil Field Hideout"], "requires": "(|School Road Permit|) OR (|Chicole Path Permit|) OR (|Vien Forest Permit|) OR (|Altru Park Permit|) OR (|Chroma Road Permit|) OR (|Chroma Highlands Permit|) OR (|Ranger Union Permit|) OR (|Shiver Camp Permit|) OR (|Ice Lake Permit|) OR (|Boyleland Permit|) OR (|Haruba Desert Permit|) OR (|Progressive Capture Arena Permit|) OR (|Oil Field Hideout Permit|)" },
 { "region": "Staraptor", "name": "Capture Staraptor (2)", "category": ["School Road", "Chicole Path", "Vien Forest", "Altru Park", "Chroma Road", "Chroma Highlands", "Ranger Union", "Shiver Camp", "Ice Lake", "Boyleland", "Haruba Desert", "Capture Arena", "Oil Field Hideout"], "requires": "(|School Road Permit|) OR (|Chicole Path Permit|) OR (|Vien Forest Permit|) OR (|Altru Park Permit|) OR (|Chroma Road Permit|) OR (|Chroma Highlands Permit|) OR (|Ranger Union Permit|) OR (|Shiver Camp Permit|) OR (|Ice Lake Permit|) OR (|Boyleland Permit|) OR (|Haruba Desert Permit|) OR (|Progressive Capture Arena Permit|) OR (|Oil Field Hideout Permit|)", "place_item": ["Staraptor"] },
 { "region": "Makuhita", "name": "Capture Makuhita", "category": ["Cargo Ship"], "requires": "(|Cargo Ship Permit|)" },
 { "region": "Hariyama", "name": "Capture Hariyama", "category": ["Volcano Cave"], "requires": "(|Volcano Cave Permit| AND |Magma Flow| AND |Torkoal|)" },
 { "region": "Bonsly", "name": "Capture Bonsly", "category": ["Ranger School", "Vien Forest"], "requires": "(|Ranger School Permit| AND |Soak|) OR (|Vien Forest Permit| AND |Soak|)" },
 { "region": "Sudowoodo", "name": "Capture Sudowoodo", "category": ["Chroma Road", "Haruba Village"], "requires": "(|Chroma Road Permit| AND |Soak|) OR (|Haruba Village Permit| AND |Soak|)" },
 { "region": "Slakoth", "name": "Capture Slakoth", "category": ["Ranger School"], "requires": "(|Ranger School Permit| AND |Tackle|)" },
 { "region": "Seedot", "name": "Capture Seedot", "category": ["Chicole Path"], "requires": "(|Chicole Path Permit| AND |Tackle|)" },
 { "region": "Nuzleaf", "name": "Capture Nuzleaf", "category": ["Chroma Road"], "requires": "(|Chroma Road Permit|)" },
 { "region": "Shiftry", "name": "Capture Shiftry", "category": ["Vien Forest", "Capture Arena"], "requires": "(|Vien Forest Permit| AND |River Flow 1| AND |Floatzel|) OR (|Progressive Capture Arena Permit|)" },
 { "region": "Tangrowth", "name": "Capture Tangrowth", "category": ["Ranger School", "Capture Arena", "Riolu Mission"], "requires": "(|Ranger School Permit|) OR (|Progressive Capture Arena Permit:2|) OR (|Rescue Kidnapped Riolu!| AND |Ranger Net|)" },
 { "region": "Shellos", "name": "Capture Shellos", "category": ["Vientown", "Marine Cave"], "requires": "(|Vientown Permit|) OR (|Marine Cave Permit|)" },
 { "region": "Gastrodon", "name": "Capture Gastrodon", "category": ["Marine Cave", "Volcano Cave"], "requires": "(|Marine Cave Permit|) OR (|Volcano Cave Permit|)" },
 { "region": "Glameow", "name": "Capture Glameow", "category": ["Vientown", "Vien Forest", "Manaphy Mission"], "requires": "(|Vientown Permit|) OR (|Vien Forest Permit|) OR (|Recover the Manaphy Egg!| AND |Ranger Net|)" },
 { "region": "Purugly", "name": "Capture Purugly", "category": ["Cargo Ship"], "requires": "(|Cargo Ship Permit|)" },
 { "region": "Geodude", "name": "Capture Geodude", "category": ["Marine Cave", "Peril Cliffs"], "requires": "(|Marine Cave Permit| AND |Soak|) OR (|Peril Cliffs Permit| AND |Soak|)" },
 { "region": "Graveler", "name": "Capture Graveler", "category": ["Marine Cave", "Peril Cliffs", "Volcano Cave"], "requires": "(|Marine Cave Permit| AND |Soak|) OR (|Peril Cliffs Permit| AND |Soak|) OR (|Volcano Cave Permit| AND |Magma Flow| AND |Torkoal| AND |Elevate| AND |Drifblim| AND |Soak|)" },
 { "region": "Golem", "name": "Capture Golem", "category": ["Altru Tower", "Hippowdon Temple", "Tower Mission"], "requires": "(|Altru Tower Permit|) OR (|Hippowdon Temple Permit|) OR (|Liberate the Tower!| AND |Ranger Net| AND |Electrify|)" },
 { "region": "Nosepass", "name": "Capture Nosepass", "category": ["Marine Cave"], "requires": "(|Marine Cave Permit|)" },
 { "region": "Probopass", "name": "Capture Probopass", "category": ["Chroma Ruins"], "requires": "(|Chroma Ruins Permit| AND |Elevate| AND |Drifblim|)" },
 { "region": "Miltank", "name": "Capture Miltank", "category": ["Chroma Road"], "requires": "(|Chroma Road Permit|)" },
 { "region": "Cherubi", "name": "Capture Cherubi", "category": ["Vien Forest"], "requires": "(|Vien Forest Permit|)" },
 { "region": "Cherrim", "name": "Capture Cherrim", "category": ["Peril Cliffs"], "requires": "(|Peril Cliffs Permit|)" },
 { "region": "Shinx", "name": "Capture Shinx", "category": ["Vien Forest"], "requires": "(|Vien Forest Permit|)" },
 { "region": "Luxio", "name": "Capture Luxio", "category": ["Vien Forest", "Oil Field Hideout"], "requires": "(|Vien Forest Permit|) OR (|Oil Field Hideout Permit|)" },
 { "region": "Luxray", "name": "Capture Luxray", "category": ["Oil Field Hideout", "Riolu Mission", "Tower Mission"], "requires": "(|Oil Field Hideout Permit|) OR (|Rescue Kidnapped Riolu!| AND |Ranger Net|) OR (|Liberate the Tower!| AND |Ranger Net| AND |Electrify|)" },
 { "region": "Grotle", "name": "Capture Grotle", "category": ["Vien Forest"], "requires": "(|Vien Forest Permit|)" },
 { "region": "Torterra", "name": "Capture Torterra", "category": ["Vien Forest", "Capture Arena", "Palkia Mission"], "requires": "(|Vien Forest Permit| AND |Tackle|) OR (|Progressive Capture Arena Permit:3|) OR (|Ranger Net| AND |Palkia in Haruba Desert!?| AND |Tackle|)" },
 { "region": "Buizel", "name": "Capture Buizel", "category": ["Vien Forest"], "requires": "(|Vien Forest Permit|)" },
 { "region": "Floatzel", "name": "Capture Floatzel (1)", "category": ["Vien Forest", "Union Road", "Crysta Cave"], "requires": "(|Vien Forest Permit|) OR (|Union Road Permit|) OR (|Crysta Cave Permit|)" },
 { "region": "Floatzel", "name": "Capture Floatzel (2)", "category": ["Vien Forest", "Union Road", "Crysta Cave"], "requires": "(|Vien Forest Permit|) OR (|Union Road Permit|) OR (|Crysta Cave Permit|)", "place_item": ["Floatzel"] },
 { "region": "Weedle", "name": "Capture Weedle", "category": ["Vien Forest"], "requires": "(|Vien Forest Permit|)" },
 { "region": "Beedrill", "name": "Capture Beedrill", "category": ["Vien Forest", "Chroma Highlands"], "requires": "(|Vien Forest Permit|) OR (|Chroma Highlands Permit|)" },
 { "region": "Combee", "name": "Capture Combee", "category": ["Vien Forest", "Chroma Road"], "requires": "(|Vien Forest Permit|) OR (|Chroma Road Permit|)" },
 { "region": "Vespiquen", "name": "Capture Vespiquen", "category": ["Chroma Road"], "requires": "(|Chroma Road Permit|)" },
 { "region": "Tyrogue", "name": "Capture Tyrogue", "category": ["Pueltown", "Shaymin Mission"], "requires": "(|Pueltown Permit|) OR (|Ranger Net| AND |For the Bride and Shaymin!|)" },
 { "region": "Magnemite", "name": "Capture Magnemite", "category": ["Pueltown", "Union Road", "Peril Cliffs", "Volcano Cave", "Shaymin Mission"], "requires": "(|Pueltown Permit|) OR (|Union Road Permit|) OR (|Peril Cliffs Permit|) OR (|Volcano Cave Permit|) OR (|Ranger Net| AND |For the Bride and Shaymin!|)" },
 { "region": "Magneton", "name": "Capture Magneton", "category": ["Altru Building", "Altru Tower", "Haruba Desert", "Hippowdon Temple", "Oil Field Hideout", "Riolu Mission", "Tower Mission", "Palkia Mission"], "requires": "(|Altru Building Permit|) OR (|Altru Tower Permit|) OR (|Haruba Desert Permit|) OR (|Hippowdon Temple Permit|) OR (|Oil Field Hideout Permit|) OR (|Rescue Kidnapped Riolu!| AND |Ranger Net|) OR (|Liberate the Tower!| AND |Ranger Net| AND |Electrify|) OR (|Ranger Net| AND |Palkia in Haruba Desert!?|)" },
 { "region": "Magnezone", "name": "Capture Magnezone", "category": ["Cargo Ship"], "requires": "(|Cargo Ship Permit|)" },
 { "region": "Growlithe", "name": "Capture Growlithe", "category": ["Pueltown", "Union Road", "Tower Mission", "Shaymin Mission"], "requires": "(|Pueltown Permit|) OR (|Union Road Permit|) OR (|Liberate the Tower!| AND |Ranger Net| AND |Electrify|) OR (|Ranger Net| AND |For the Bride and Shaymin!|)" },
 { "region": "Arcanine", "name": "Capture Arcanine", "category": ["Altru Tower", "Oil Field Hideout", "Tower Mission", "Shaymin Mission"], "requires": "(|Altru Tower Permit|) OR (|Oil Field Hideout Permit|) OR (|Liberate the Tower!| AND |Ranger Net| AND |Electrify|) OR (|Ranger Net| AND |Palkia in Haruba Desert!?|)" },
 { "region": "Rattata", "name": "Capture Rattata", "category": ["Pueltown", "Shaymin Mission"], "requires": "(|Pueltown Permit|) OR (|Ranger Net| AND |For the Bride and Shaymin!|)" },
 { "region": "Raticate", "name": "Capture Raticate", "category": ["Cargo Ship", "Pueltown"], "requires": "(|Cargo Ship Permit|) OR (|Pueltown Permit|)" },
 { "region": "Chatot", "name": "Capture Chatot", "category": ["Pueltown", "Shaymin Mission"], "requires": "(|Pueltown Permit|) OR (|Ranger Net| AND |For the Bride and Shaymin!|)" },
 { "region": "Elekid", "name": "Capture Elekid", "category": ["Pueltown", "Shaymin Mission"], "requires": "(|Pueltown Permit|) OR (|Ranger Net| AND |For the Bride and Shaymin!|)" },
 { "region": "Electabuzz", "name": "Capture Electabuzz", "category": ["Cargo Ship", "Chroma Ruins", "Altru Building"], "requires": "(|Cargo Ship Permit|) OR (|Chroma Ruins Permit|) OR (|Altru Building Permit|)" },
 { "region": "Electivire", "name": "Capture Electivire", "category": ["Capture Arena", "Oil Field Hideout"], "requires": "(|Progressive Capture Arena Permit:3|) OR (|Oil Field Hideout Permit|)" },
 { "region": "Magby", "name": "Capture Magby", "category": ["Pueltown", "Shaymin Mission"], "requires": "(|Pueltown Permit|) OR (|Ranger Net| AND |For the Bride and Shaymin!|)" },
 { "region": "Magmar", "name": "Capture Magmar", "category": ["Cargo Ship", "Volcano Cave"], "requires": "(|Cargo Ship Permit|) OR (|Volcano Cave Permit| AND |Airlift| AND |Drifloon| AND (|Red Boat Key| OR (|Fly| AND |Staraptor| AND |Boyleland Fly Point|))" },
 { "region": "Magmortar", "name": "Capture Magmortar (1)", "category": ["Volcano Cave", "Capture Arena", "Regigigas"], "requires": "(|Volcano Cave Permit| AND |Airlift| AND |Drifloon|) OR (|Progressive Capture Arena Permit:3|)" },
 { "region": "Magmortar", "name": "Capture Magmortar (2)", "category": ["Volcano Cave", "Capture Arena", "Regigigas"], "requires": "(|Volcano Cave Permit| AND |Airlift| AND |Drifloon|) OR (|Progressive Capture Arena Permit:3|)", "place_item": ["Magmortar"] },
 { "region": "Voltorb", "name": "Capture Voltorb", "category": ["Cargo Ship", "Pueltown", "Shaymin Mission"], "requires": "(|Cargo Ship Permit|) OR (|Pueltown Permit|) OR (|Ranger Net| AND |For the Bride and Shaymin!|)" },
 { "region": "Electrode", "name": "Capture Electrode", "category": ["Altru Building", "Tower Mission"], "requires": "(|Altru Building Permit|) OR (|Liberate the Tower!| AND |Ranger Net|)" },
 { "region": "Wingull", "name": "Capture Wingull", "category": ["Pueltown", "Boyleland"], "requires": "(|Pueltown Permit|) OR (|Boyleland Permit|)" },
 { "region": "Pelipper", "name": "Capture Pelipper", "category": ["Volcano Cave", "Haruba Village"], "requires": "(|Volcano Cave Permit| AND |Magma Flow| AND |Torkoal| AND |Elevate| AND |Drifblim|) OR (|Haruba Village Permit|)" },
 { "region": "Toxicroak", "name": "Capture Toxicroak", "category": ["Capture Arena"], "requires": "(|Progressive Capture Arena Permit|)" },
 { "region": "Kricketune", "name": "Capture Kricketune", "category": ["Vien Forest"], "requires": "(|Vien Forest Permit|)" },
 { "region": "Rampardos", "name": "Capture Rampardos", "category": ["Peril Cliffs"], "requires": "(|Peril Cliffs Permit|)" },
 { "region": "Finneon", "name": "Capture Finneon", "category": ["Puel Sea"], "requires": "(|Puel Sea Permit|)" },
 { "region": "Lumineon", "name": "Capture Lumineon", "category": ["Puel Sea"], "requires": "(|Puel Sea Permit| AND |Swim| AND |Mantine|)" },
 { "region": "Chinchou", "name": "Capture Chinchou", "category": ["Puel Sea"], "requires": "(|Puel Sea Permit|)" },
 { "region": "Lanturn", "name": "Capture Lanturn", "category": ["Sea of Wailord"], "requires": "(|Sea of Wailord Permit|)" },
 { "region": "Mantyke", "name": "Capture Mantyke", "category": ["Puel Sea"], "requires": "(|Puel Sea Permit|)" },
 { "region": "Mantine", "name": "Capture Mantine (1)", "category": ["Puel Sea", "Sea of Wailord"], "requires": "(|Puel Sea Permit|) OR (|Sea of Wailord Permit|)" },
 { "region": "Mantine", "name": "Capture Mantine (2)", "category": ["Puel Sea", "Sea of Wailord"], "requires": "(|Puel Sea Permit|) OR (|Sea of Wailord Permit|)", "place_item": ["Mantine"] },
 { "region": "Qwilfish", "name": "Capture Qwilfish", "category": ["Puel Sea"], "requires": "(|Puel Sea Permit|)" },
 { "region": "Corsola", "name": "Capture Corsola", "category": ["Puel Sea"], "requires": "(|Puel Sea Permit|)" },
 { "region": "Staryu", "name": "Capture Staryu", "category": ["Puel Sea"], "requires": "(|Puel Sea Permit|)" },
 { "region": "Starmie", "name": "Capture Starmie", "category": ["Sea of Wailord"], "requires": "(|Sea of Wailord Permit|)" },
 { "region": "Sharpedo", "name": "Capture Sharpedo", "category": ["Puel Sea", "Sea of Wailord"], "requires": "(|Puel Sea Permit| AND |Swim| AND |Mantine|) OR (|Sea of Wailord Permit|)" },
 { "region": "Eevee", "name": "Capture Eevee", "category": ["Pueltown", "Capture Arena"], "requires": "(|Pueltown Permit|) OR (|Progressive Capture Arena Permit:2|)" },
 { "region": "Vaporeon", "name": "Capture Vaporeon", "category": ["Almia Castle", "Capture Arena", "Tower Mission", "Altru Tower"], "requires": "(|Almia Castle Permit|) OR (|Progressive Capture Arena Permit:2|) OR (|Liberate the Tower!| AND |Ranger Net| AND |Electrify|) OR (|Altru Tower Permit|)" },
 { "region": "Jolteon", "name": "Capture Jolteon", "category": ["Haruba Desert", "Capture Arena", "Riolu Mission"], "requires": "(|Haruba Desert Permit|) OR (|Progressive Capture Arena Permit:2|) OR (|Rescue Kidnapped Riolu!| AND |Ranger Net|)" },
 { "region": "Flareon", "name": "Capture Flareon", "category": ["Volcano Cave", "Capture Arena"], "requires": "(|Volcano Cave Permit| AND |Magma Flow| AND |Torkoal|) OR (|Progressive Capture Arena Permit:2|)" },
 { "region": "Espeon", "name": "Capture Espeon", "category": ["Hippowdon Temple", "Capture Arena"], "requires": "(|Hippowdon Temple Permit| AND |Elevate| AND |Drifblim|) OR (|Progressive Capture Arena Permit:2|)" },
 { "region": "Umbreon", "name": "Capture Umbreon", "category": ["Chroma Ruins", "Capture Arena", "Shaymin Mission"], "requires": "(|Chroma Ruins Permit| AND |Elevate| AND |Drifblim|) OR (|Progressive Capture Arena Permit:2|) OR (|Ranger Net| AND |For the Bride and Shaymin!|)" },
 { "region": "Leafeon", "name": "Capture Leafeon", "category": ["Vien Forest", "Capture Arena"], "requires": "(|Vien Forest Permit|) OR (|Progressive Capture Arena Permit:2|)" },
 { "region": "Glaceon", "name": "Capture Glaceon", "category": ["Ice Lake", "Capture Arena"], "requires": "(|Ice Lake Permit|) OR (|Progressive Capture Arena Permit:2|)" },
 { "region": "Mareep", "name": "Capture Mareep", "category": ["Union Road"], "requires": "(|Union Road Permit|)" },
 { "region": "Flaaffy", "name": "Capture Flaaffy", "category": ["Chroma Road"], "requires": "(|Chroma Road Permit|)" },
 { "region": "Ampharos", "name": "Capture Ampharos", "category": ["Altru Building", "Altru Tower", "Tower Mission"], "requires": "(|Altru Building Permit|) OR (|Altru Tower Permit|) OR (|Liberate the Tower!| AND |Ranger Net|)" },
 { "region": "Aipom", "name": "Capture Aipom", "category": ["Union Road"], "requires": "(|Union Road Permit|)" },
 { "region": "Ambipom", "name": "Capture Ambipom", "category": ["Vien Forest"], "requires": "(|Vien Forest Permit|)" },
 { "region": "Pineco", "name": "Capture Pineco", "category": ["Union Road", "Peril Cliffs"], "requires": "(|Union Road Permit|) OR (|Peril Cliffs Permit|)" },
 { "region": "Forretress", "name": "Capture Forretress", "category": ["Vien Forest"], "requires": "(|Vien Forest Permit|)" },
 { "region": "Spearow", "name": "Capture Spearow", "category": ["Union Road", "Peril Cliffs"], "requires": "(|Union Road Permit|) OR (|Peril Cliffs Permit|)" },
 { "region": "Fearow", "name": "Capture Fearow", "category": ["Haruba Desert", "Capture Arena", "Palkia Mission"], "requires": "(|Haruba Desert Permit|) OR (|Progressive Capture Arena Permit:2|) OR (|Ranger Net| AND |Palkia in Haruba Desert!?|)" },
 { "region": "Oddish", "name": "Capture Oddish", "category": ["Union Road"], "requires": "(|Union Road Permit| AND |Tackle|)" },
 { "region": "Gloom", "name": "Capture Gloom", "category": ["Chroma Highlands"], "requires": "(|Chroma Highlands Permit| AND |Tackle|)" },
 { "region": "Vileplume", "name": "Capture Vileplume", "category": ["Chroma Highlands", "Palkia Mission"], "requires": "(|Chroma Highlands Permit| AND |Tackle|) OR (|Ranger Net| AND |Palkia in Haruba Desert!?| AND |Tackle|)" },
 { "region": "Bellossom", "name": "Capture Bellossom", "category": ["Hippowdon Temple", "Capture Arena", "Palkia Mission", "Shaymin Mission"], "requires": "(|Hippowdon Temple Permit|) OR (|Progressive Capture Arena Permit|) OR (|Ranger Net| AND |Palkia in Haruba Desert!?|) OR (|Ranger Net| AND |For the Bride and Shaymin!|)" },
 { "region": "Yanma", "name": "Capture Yanma", "category": ["Union Road"], "requires": "(|Union Road Permit| AND |Tackle|)" },
 { "region": "Yanmega", "name": "Capture Yanmega", "category": ["Capture Arena"], "requires": "(|Progressive Capture Arena Permit:2|)" },
 { "region": "Larvitar", "name": "Capture Larvitar", "category": ["Peril Cliffs"], "requires": "(|Peril Cliffs Permit|)" },
 { "region": "Pupitar", "name": "Capture Pupitar", "category": ["Chroma Ruins"], "requires": "(|Chroma Ruins Permit|)" },
 { "region": "Tyranitar", "name": "Capture Tyranitar", "category": ["Hippowdon Temple", "Capture Arena"], "requires": "(|Hippowdon Temple Permit| AND |Elevate| AND |Drifblim|) OR (|Progressive Capture Arena Permit|)" },
 { "region": "Pinsir", "name": "Capture Pinsir", "category": ["Peril Cliffs"], "requires": "(|Peril Cliffs Permit|)" },
 { "region": "Numel", "name": "Capture Numel", "category": ["Peril Cliffs"], "requires": "(|Peril Cliffs Permit|)" },
 { "region": "Camerupt", "name": "Capture Camerupt", "category": ["Crysta Cave"], "requires": "(|Crysta Cave Permit|)" },
 { "region": "Mankey", "name": "Capture Mankey", "category": ["Peril Cliffs"], "requires": "(|Peril Cliffs Permit|)" },
 { "region": "Primeape", "name": "Capture Primeape", "category": ["Altru Building", "Altru Tower", "Tower Mission", "Palkia Mission"], "requires": "(|Altru Building Permit|) OR (|Altru Tower Permit|) OR (|Liberate the Tower!| AND |Ranger Net| AND |Electrify|) OR (|Ranger Net| AND |Palkia in Haruba Desert!?|)" },
 { "region": "Gligar", "name": "Capture Gligar", "category": ["Peril Cliffs"], "requires": "(|Peril Cliffs Permit|)" },
 { "region": "Gliscor", "name": "Capture Gliscor", "category": ["Capture Arena", "Tower Mission"], "requires": "(|Progressive Capture Arena Permit:2|) OR (|Liberate the Tower!| AND |Ranger Net| AND |Electrify| AND |Dark Power|)" },
 { "region": "Mawile", "name": "Capture Mawile", "category": ["Peril Cliffs"], "requires": "(|Peril Cliffs Permit|)" },
 { "region": "Aron", "name": "Capture Aron", "category": ["Peril Cliffs"], "requires": "(|Peril Cliffs Permit|)" },
 { "region": "Lairon", "name": "Capture Lairon", "category": ["Volcano Cave"], "requires": "(|Volcano Cave Permit| AND |Airlift| AND |Drifloon|)" },
 { "region": "Aggron", "name": "Capture Aggron", "category": ["Volcano Cave", "Capture Arena", "Palkia Mission"], "requires": "(|Volcano Cave Permit| AND |Magma Flow| AND |Torkoal| AND |Elevate| AND |Drifblim|) OR (|Progressive Capture Arena Permit:2|) OR (|Ranger Net| AND |Palkia in Haruba Desert!?|)" },
 { "region": "Doduo", "name": "Capture Doduo (1)", "category": ["School Road", "Chicole Path", "Vien Forest", "Chroma Road", "Union Road", "Ranger Union", "Haruba Desert"], "requires": "(|School Road Permit|) OR (|Chicole Path Permit|) OR (|Vien Forest Permit|) OR (|Chroma Road Permit|) OR (|Union Road Permit|) OR (|Ranger Union Permit|) OR (|Haruba Desert Permit|)" },
 { "region": "Doduo", "name": "Capture Doduo (2)", "category": ["School Road", "Chicole Path", "Vien Forest", "Chroma Road", "Union Road", "Ranger Union", "Haruba Desert"], "requires": "(|School Road Permit|) OR (|Chicole Path Permit|) OR (|Vien Forest Permit|) OR (|Chroma Road Permit|) OR (|Union Road Permit|) OR (|Ranger Union Permit|) OR (|Haruba Desert Permit|)", "place_item": ["Doduo"] },
 { "region": "Dodrio", "name": "Capture Dodrio", "category": ["Chroma Road"], "requires": "(|Chroma Road Permit|)" },
 { "region": "Carnivine", "name": "Capture Carnivine", "category": ["Chroma Highlands", "Palkia Mission"], "requires": "(|Chroma Highlands Permit|) OR (|Ranger Net| AND |Palkia in Haruba Desert!?|)" },
 { "region": "Charmander", "name": "Capture Charmander", "category": ["Ranger School", "Volcano Cave"], "requires": "(|Ranger School Permit|) OR (|Volcano Cave Permit|)" },
 { "region": "Charmeleon", "name": "Capture Charmeleon", "category": ["Volcano Cave"], "requires": "(|Volcano Cave Permit| AND |Magma Flow| AND |Torkoal|)" },
 { "region": "Charizard", "name": "Capture Charizard", "category": ["Volcano Cave", "Capture Arena"], "requires": "(|Volcano Cave Permit| AND |Magma Flow| AND |Torkoal| AND |Elevate| AND |Drifblim|) OR (|Progressive Capture Arena Permit:3|)" },
 { "region": "Slugma", "name": "Capture Slugma", "category": ["Volcano Cave"], "requires": "(|Volcano Cave Permit|)" },
 { "region": "Magcargo", "name": "Capture Magcargo", "category": ["Volcano Cave"], "requires": "(|Volcano Cave Permit| AND |Magma Flow| AND |Torkoal|)" },
 { "region": "Drifloon", "name": "Capture Drifloon (1)", "category": ["Volcano Cave"], "requires": "(|Volcano Cave Permit|)" },
 { "region": "Drifloon", "name": "Capture Drifloon (2)", "category": ["Volcano Cave"], "requires": "(|Volcano Cave Permit|)", "place_item": ["Drifloon"] },
 { "region": "Drifblim", "name": "Capture Drifblim (1)", "category": ["Chroma Ruins", "Volcano Cave", "Hippowdon Temple", "Capture Arena"], "requires": "(|Chroma Ruins Permit|) OR (|Volcano Cave Permit| AND |Magma Flow| AND |Torkoal|) OR (|Hippowdon Temple Permit|) OR (|Progressive Capture Arena Permit:2|)" },
 { "region": "Drifblim", "name": "Capture Drifblim (2)", "category": ["Chroma Ruins", "Volcano Cave", "Hippowdon Temple", "Capture Arena"], "requires": "(|Chroma Ruins Permit|) OR (|Volcano Cave Permit| AND |Magma Flow| AND |Torkoal|) OR (|Hippowdon Temple Permit|) OR (|Progressive Capture Arena Permit:2|)", "place_item": ["Drifblim"] },
 { "region": "Stunky", "name": "Capture Stunky", "category": ["Volcano Cave"], "requires": "(|Volcano Cave Permit| AND |Airlift| AND |Drifloon|)" },
 { "region": "Skuntank", "name": "Capture Skuntank", "category": ["Oil Field Hideout"], "requires": "(|Oil Field Hideout Permit|)" },
 { "region": "Kangaskhan", "name": "Capture Kangaskhan", "category": ["Capture Arena"], "requires": "(|Progressive Capture Arena Permit:2|)" },
 { "region": "Shuppet", "name": "Capture Shuppet", "category": ["Volcano Cave"], "requires": "(|Volcano Cave Permit| AND |Airlift| AND |Drifloon|)" },
 { "region": "Banette", "name": "Capture Banette", "category": ["Hippowdon Temple", "Capture Arena"], "requires": "(|Hippowdon Temple Permit| AND |Elevate| AND |Drifblim|) OR (|Progressive Capture Arena Permit:2|)" },
 { "region": "Rhyhorn", "name": "Capture Rhyhorn", "category": ["Volcano Cave"], "requires": "(|Volcano Cave Permit| AND |Airlift| AND |Drifloon|)" },
 { "region": "Rhydon", "name": "Capture Rhydon", "category": ["Altru Tower", "Volcano Cave", "Haruba Desert", "Tower Mission"], "requires": "(|Altru Tower Permit|) OR (|Volcano Cave Permit| AND |Magma Flow| AND |Torkoal| AND |Elevate| AND |Drifblim|) OR (|Haruba Desert Permit|) OR (|Liberate the Tower!| AND |Ranger Net| AND |Electrify|)" },
 { "region": "Rhyperior", "name": "Capture Rhyperior", "category": ["Capture Arena"], "requires": "(|Progressive Capture Arena Permit:2|)" },
 { "region": "Muk", "name": "Capture Muk", "category": ["Volcano Cave", "Capture Arena"], "requires": "(|Volcano Cave Permit| AND |Airlift| AND |Drifloon|) OR (|Progressive Capture Arena Permit:2|)" },
 { "region": "Houndour", "name": "Capture Houndour", "category": ["Cargo Ship", "Oil Field Hideout", "Riolu Mission"], "requires": "(|Cargo Ship Permit|) OR (|Oil Field Hideout Permit|) OR (|Rescue Kidnapped Riolu!| AND |Ranger Net|)" },
 { "region": "Houndoom", "name": "Capture Houndoom", "category": ["Capture Arena", "Oil Field Hideout", "Riolu Mission", "Dialga Mission"], "requires": "(|Progressive Capture Arena Permit:2|) OR (|Oil Field Hideout Permit|) OR (|Rescue Kidnapped Riolu!| AND |Ranger Net|) OR (|Dialga in Hia Valley!?| AND |Ranger Net| AND |Burn| AND |Psy Power|)" },
 { "region": "Spinarak", "name": "Capture Spinarak", "category": ["Cargo Ship"], "requires": "(|Cargo Ship Permit|)" },
 { "region": "Ariados", "name": "Capture Ariados", "category": ["Altru Building", "Hippowdon Temple", "Capture Arena", "Tower Mission"], "requires": "(|Altru Building Permit|) OR (|Hippowdon Temple Permit|) OR (|Progressive Capture Arena Permit:2|) OR (|Liberate the Tower!| AND |Ranger Net| AND |Electrify|)" },
 { "region": "Ralts", "name": "Capture Ralts", "category": ["Cargo Ship"], "requires": "(|Cargo Ship Permit|)" },
 { "region": "Kirlia", "name": "Capture Kirlia", "category": ["Chroma Ruins"], "requires": "(|Chroma Ruins Permit|)" },
 { "region": "Gardevoir", "name": "Capture Gardevoir", "category": ["Altru Tower", "Capture Arena", "Tower Mission"], "requires": "(|Altru Tower Permit|) OR (|Progressive Capture Arena Permit|) OR (|Liberate the Tower!| AND |Ranger Net|)" },
 { "region": "Gallade", "name": "Capture Gallade (1)", "category": ["Altru Building", "Regigigas"], "requires": "(|Altru Building Permit|)" },
 { "region": "Gallade", "name": "Capture Gallade (2)", "category": ["Altru Building", "Regigigas"], "requires": "(|Altru Building Permit|)", "place_item": ["Gallade"] },
 { "region": "Machoke", "name": "Capture Machoke", "category": ["Cargo Ship"], "requires": "(|Cargo Ship Permit|)" },
 { "region": "Machamp", "name": "Capture Machamp", "category": ["Oil Field Hideout"], "requires": "(|Oil Field Hideout Permit|)" },
 { "region": "Mr. Mime", "name": "Capture Mr. Mime", "category": ["Oil Field Hideout"], "requires": "(|Oil Field Hideout Permit|)" },
 { "region": "Drowzee", "name": "Capture Drowzee", "category": ["Cargo Ship"], "requires": "(|Cargo Ship Permit|)" },
 { "region": "Hypno", "name": "Capture Hypno", "category": ["Chroma Ruins", "Altru Building", "Palkia Mission"], "requires": "(|Chroma Ruins Permit|) OR (|Altru Building Permit|) OR (|Ranger Net| AND |Palkia in Haruba Desert!?|)" },
 { "region": "Monferno", "name": "Capture Monferno", "category": ["Cargo Ship"], "requires": "(|Cargo Ship Permit|)" },
 { "region": "Infernape", "name": "Capture Infernape", "category": ["Volcano Cave", "Capture Arena"], "requires": "(|Volcano Cave Permit| AND |Magma Flow| AND |Torkoal| AND |Elevate| AND |Drifblim|) OR (|Progressive Capture Arena Permit:3|)" },
 { "region": "Vulpix", "name": "Capture Vulpix", "category": ["Cargo Ship", "Hia Valley", "Ice Lake", "Almia Castle", "Dialga Mission"], "requires": "(|Cargo Ship Permit|) OR (|Hia Valley Permit|) OR (|Ice Lake Permit|) OR (|Almia Castle Permit|) OR ((|Dialga in Hia Valley!?| AND |Ranger Net|)" },
 { "region": "Ninetales", "name": "Capture Ninetales", "category": ["Almia Castle", "Dialga Mission"], "requires": "(|Almia Castle Permit|) OR (|Dialga in Hia Valley!?| AND |Ranger Net| AND |Burn| AND |Psy Power|)" },
 { "region": "Skorupi", "name": "Capture Skorupi", "category": ["Haruba Desert", "Hippowdon Temple"], "requires": "(|Haruba Desert Permit|) OR (|Hippowdon Temple Permit|)" },
 { "region": "Drapion", "name": "Capture Drapion", "category": ["Capture Arena", "Tower Mission"], "requires": "(|Progressive Capture Arena Permit:2|) OR (|Liberate the Tower!| AND |Ranger Net| AND |Electrify| AND |Dark Power|)" },
 { "region": "Lickilicky", "name": "Capture Lickilicky", "category": ["Cargo Ship"], "requires": "(|Cargo Ship Permit|)" },
 { "region": "Ponyta", "name": "Capture Ponyta", "category": ["Chroma Road"], "requires": "(|Chroma Road Permit|)" },
 { "region": "Rapidash", "name": "Capture Rapidash", "category": ["Chroma Highlands", "Palkia Mission"], "requires": "(|Chroma Highlands Permit|) OR (|Ranger Net| AND |Palkia in Haruba Desert!?|)" },
 { "region": "Girafarig", "name": "Capture Girafarig", "category": ["Chroma Road"], "requires": "(|Chroma Road Permit|)" },
 { "region": "Tauros", "name": "Capture Tauros", "category": ["Chroma Road"], "requires": "(|Chroma Road Permit|)" },
 { "region": "Ninjask", "name": "Capture Ninjask", "category": ["Chroma Road"], "requires": "(|Chroma Road Permit| AND |Tackle|)" },
 { "region": "Bastiodon", "name": "Capture Bastiodon", "category": ["Chroma Highlands", "Chroma Ruins"], "requires": "(|Chroma Highlands Permit|) OR (|Chroma Ruins Permit|)" },
 { "region": "Abra", "name": "Capture Abra", "category": ["Chroma Highlands"], "requires": "(|Chroma Highlands Permit|)" },
 { "region": "Alakazam", "name": "Capture Alakazam", "category": ["Altru Tower", "Capture Arena"], "requires": "(|Altru Tower Permit|) OR (|Progressive Capture Arena Permit|)" },
 { "region": "Murkrow", "name": "Capture Murkrow", "category": ["Pueltown"], "requires": "(|Pueltown Permit|)" },
 { "region": "Honchkrow", "name": "Capture Honchkrow", "category": ["Capture Arena", "Oil Field Hideout", "Riolu Mission"], "requires": "(|Progressive Capture Arena Permit:2|) OR (|Oil Field Hideout Permit|) OR (|Rescue Kidnapped Riolu!| AND |Ranger Net|)" },
 { "region": "Koffing", "name": "Capture Koffing", "category": ["Chroma Ruins"], "requires": "(|Chroma Ruins Permit|)" },
 { "region": "Weezing", "name": "Capture Weezing", "category": ["Almia Castle"], "requires": "(|Almia Castle Permit|)" },
 { "region": "Skarmory", "name": "Capture Skarmory", "category": ["Chroma Highlands"], "requires": "(|Chroma Highlands Permit|)" },
 { "region": "Duskull", "name": "Capture Duskull", "category": ["Chroma Ruins"], "requires": "(|Chroma Ruins Permit|)" },
 { "region": "Dusclops", "name": "Capture Dusclops", "category": ["Oil Field Hideout", "Riolu Mission"], "requires": "(|Oil Field Hideout Permit|) OR (|Rescue Kidnapped Riolu!| AND |Ranger Net|)" },
 { "region": "Dusknoir", "name": "Capture Dusknoir", "category": ["Hippowdon Temple"], "requires": "(|Hippowdon Temple Permit| AND |Elevate| AND |Drifblim|)" },
 { "region": "Sableye", "name": "Capture Sableye", "category": ["Chroma Ruins", "Hippowdon Temple", "Palkia Mission"], "requires": "(|Chroma Ruins Permit|) OR (|Hippowdon Temple Permit| AND |Elevate| AND |Drifblim|) OR (|Ranger Net| AND |Palkia in Haruba Desert!?|)" },
 { "region": "Sandshrew", "name": "Capture Sandshrew", "category": ["Chroma Ruins"], "requires": "(|Chroma Ruins Permit|)" },
 { "region": "Sandslash", "name": "Capture Sandslash", "category": ["Hippowdon Temple", "Palkia Mission"], "requires": "(|Hippowdon Temple Permit| AND |Elevate| AND |Drifblim|) OR (|Ranger Net| AND |Palkia in Haruba Desert!?|)" },
 { "region": "Spiritomb", "name": "Capture Spiritomb", "category": ["Capture Arena"], "requires": "(|Progressive Capture Arena Permit|)" },
 { "region": "Spheal", "name": "Capture Spheal", "category": ["Crysta Cave", "Hia Valley"], "requires": "(|Crysta Cave Permit|) OR (|Hia Valley Permit|)" },
 { "region": "Sealeo", "name": "Capture Sealeo", "category": ["Crysta Cave", "Hia Valley"], "requires": "(|Crysta Cave Permit|) OR (|Hia Valley Permit|)" },
 { "region": "Walrein", "name": "Capture Walrein", "category": ["Almia Castle", "Dialga Mission", "Palkia Mission"], "requires": "(|Crysta Cave Permit|) OR (|Dialga in Hia Valley!?| AND |Ranger Net| AND |Burn| AND |Psy Power|) OR (|Ranger Net| AND |Palkia in Haruba Desert!?|)" },
 { "region": "Swinub", "name": "Capture Swinub", "category": ["Crysta Cave", "Dialga Mission", "Palkia Mission"], "requires": "(|Crysta Cave Permit|) OR (|Hia Valley Permit|) OR (|Dialga in Hia Valley!?| AND |Ranger Net|) OR (|Ranger Net| AND |Palkia in Haruba Desert!?|)" },
 { "region": "Piloswine", "name": "Capture Piloswine", "category": ["Crysta Cave", "Hia Valley", "Palkia Mission", "Dialga Mission"], "requires": "(|Crysta Cave Permit|) OR (|Ranger Net| AND |Palkia in Haruba Desert!?|) OR (|Dialga in Hia Valley!?| AND |Ranger Net| AND |Burn| AND |Psy Power|)" },
 { "region": "Mamoswine", "name": "Capture Mamoswine", "category": ["Capture Arena"], "requires": "(|Progressive Capture Arena Permit:2|)" },
 { "region": "Jigglypuff", "name": "Capture Jigglypuff", "category": ["Crysta Cave", "Palkia Mission"], "requires": "(|Crysta Cave Permit|) OR (|Ranger Net| AND |Palkia in Haruba Desert!?|)" },
 { "region": "Wigglytuff", "name": "Capture Wigglytuff", "category": ["Almia Castle", "Dialga Mission"], "requires": "(|Almia Castle Permit|) OR (|Dialga in Hia Valley!?| AND |Ranger Net|)" },
 { "region": "Chingling", "name": "Capture Chingling", "category": ["Crysta Cave"], "requires": "(|Crysta Cave Permit|)" },
 { "region": "Prinplup", "name": "Capture Prinplup", "category": ["Hia Valley"], "requires": "(|Hia Valley Permit|)" },
 { "region": "Empoleon", "name": "Capture Empoleon (1)", "category": ["Ice Lake", "Capture Arena"], "requires": "(|Ice Lake Permit|) OR (|Progressive Capture Arena Permit:3|)" },
 { "region": "Empoleon", "name": "Capture Empoleon (2)", "category": ["Ice Lake", "Capture Arena"], "requires": "(|Ice Lake Permit|) OR (|Progressive Capture Arena Permit:3|)", "place_item": ["Empoleon"] },
 { "region": "Delibird", "name": "Capture Delibird", "category": ["Hia Valley"], "requires": "(|Hia Valley Permit| AND |Tackle|)" },
 { "region": "Jynx", "name": "Capture Jynx", "category": ["Ice Lake", "Almia Castle"], "requires": "(|Ice Lake Permit|) OR (|Almia Castle Permit|)" },
 { "region": "Abomasnow", "name": "Capture Abomasnow", "category": ["Ice Lake", "Capture Arena"], "requires": "(|Ice Lake Permit| AND |Tackle|) OR (|Progressive Capture Arena Permit:2|)" },
 { "region": "Snorunt", "name": "Capture Snorunt", "category": ["Almia Castle"], "requires": "(|Almia Castle Permit|)" },
 { "region": "Glalie", "name": "Capture Glalie", "category": ["Almia Castle", "Tower Mission", "Dialga Mission"], "requires": "(|Almia Castle Permit|) OR (|Liberate the Tower!| AND |Ranger Net| AND |Electrify|) OR (|Dialga in Hia Valley!?| AND |Ranger Net| AND |Burn| AND |Psy Power|)" },
 { "region": "Froslass", "name": "Capture Froslass", "category": ["Almia Castle"], "requires": "(|Almia Castle Permit|)" },
 { "region": "Scyther", "name": "Capture Scyther", "category": ["Altru Building", "Almia Castle"], "requires": "(|Altru Building Permit|) OR (|Almia Castle Permit|)" },
 { "region": "Scizor", "name": "Capture Scizor", "category": ["Altru Building", "Tower Mission", "Palkia Mission"], "requires": "(|Altru Building Permit|) OR (|Liberate the Tower!| AND |Ranger Net|) OR (|Ranger Net| AND |Palkia in Haruba Desert!?|)" },
 { "region": "Dratini", "name": "Capture Dratini", "category": ["Almia Castle", "Oil Field Hideout"], "requires": "(|Almia Castle Permit|) OR (|Oil Field Hideout Permit|)" },
 { "region": "Dragonair", "name": "Capture Dragonair", "category": ["Almia Castle"], "requires": "(|Almia Castle Permit|)" },
 { "region": "Mismagius", "name": "Capture Mismagius", "category": ["Almia Castle", "Dialga Mission"], "requires": "(|Almia Castle Permit|) OR (|Dialga in Hia Valley!?| AND |Ranger Net| AND |Burn|)" },
 { "region": "Riolu", "name": "Capture Riolu", "category": ["Almia Castle", "Riolu Mission", "Dialga Mission"], "requires": "(|Almia Castle Permit|) OR (|Rescue Kidnapped Riolu!| AND |Ranger Net|) OR (|Dialga in Hia Valley!?| AND |Ranger Net| AND |Burn| AND |Psy Power|)" },
 { "region": "Lucario", "name": "Capture Lucario", "category": ["Capture Arena"], "requires": "(|Progressive Capture Arena Permit|)" },
 { "region": "Torkoal", "name": "Capture Torkoal (1)", "category": ["Volcano Cave"], "requires": "(|Volcano Cave Permit|)" },
 { "region": "Torkoal", "name": "Capture Torkoal (2)", "category": ["Volcano Cave"], "requires": "(|Volcano Cave Permit|)", "place_item": ["Torkoal"] },
 { "region": "Bagon", "name": "Capture Bagon", "category": ["Volcano Cave"], "requires": "(|Volcano Cave Permit| AND |Magma Flow| AND |Torkoal|)" },
 { "region": "Shelgon", "name": "Capture Shelgon", "category": ["Volcano Cave"], "requires": "(|Volcano Cave Permit| AND |Magma Flow| AND |Torkoal|)" },
 { "region": "Salamence", "name": "Capture Salamence", "category": ["Vien Forest", "Crysta Cave", "Capture Arena"], "requires": "(|Vien Forest Permit|) OR (|Crysta Cave Permit|) OR (|Progressive Capture Arena Permit:3|)" },
 { "region": "Heatran", "name": "Capture Heatran (1)", "category": ["Capture Arena"], "requires": "(|Progressive Capture Arena Permit|)" },
 { "region": "Heatran", "name": "Capture Heatran (2)", "category": ["Capture Arena"], "requires": "(|Progressive Capture Arena Permit|)", "place_item": ["Heatran"] },
 { "region": "Horsea", "name": "Capture Horsea", "category": ["Sea of Wailord"], "requires": "(|Sea of Wailord Permit|)" },
 { "region": "Seadra", "name": "Capture Seadra", "category": ["Sea of Wailord"], "requires": "(|Sea of Wailord Permit|)" },
 { "region": "Kingdra", "name": "Capture Kingdra", "category": ["Sea of Wailord"], "requires": "(|Sea of Wailord Permit|)" },
 { "region": "Huntail", "name": "Capture Huntail", "category": ["Sea of Wailord"], "requires": "(|Sea of Wailord Permit|)" },
 { "region": "Gorebyss", "name": "Capture Gorebyss", "category": ["Sea of Wailord"], "requires": "(|Sea of Wailord Permit|)" },
 { "region": "Tentacruel", "name": "Capture Tentacruel", "category": ["Sea of Wailord"], "requires": "(|Sea of Wailord Permit|)" },
 { "region": "Omanyte", "name": "Capture Omanyte", "category": ["Sea of Wailord"], "requires": "(|Sea of Wailord Permit|)" },
 { "region": "Omastar", "name": "Capture Omastar", "category": ["Sea of Wailord"], "requires": "(|Sea of Wailord Permit|)" },
 { "region": "Wailmer", "name": "Capture Wailmer", "category": ["Sea of Wailord"], "requires": "(|Sea of Wailord Permit|)" },
 { "region": "Cacnea", "name": "Capture Cacnea", "category": ["Haruba Desert"], "requires": "(|Haruba Desert Permit|)" },
 { "region": "Cacturne", "name": "Capture Cacturne", "category": ["Haruba Desert", "Capture Arena", "Palkia Mission"], "requires": "(|Haruba Desert Permit|) OR (|Progressive Capture Arena Permit:2|) OR (|Ranger Net| AND |Palkia in Haruba Desert!?|)" },
 { "region": "Mothim", "name": "Capture Mothim", "category": ["Oil Field Hideout"], "requires": "(|Oil Field Hideout Permit|)" },
 { "region": "Victreebel", "name": "Capture Victreebel", "category": ["Hippowdon Temple"], "requires": "(|Hippowdon Temple Permit| AND |Elevate| AND |Drifblim|)" },
 { "region": "Sceptile", "name": "Capture Sceptile", "category": ["Oil Field Hideout", "Palkia Mission"], "requires": "(|Oil Field Hideout Permit|) OR (|Ranger Net| AND |Palkia in Haruba Desert!?|)" },
 { "region": "Weavile", "name": "Capture Weavile", "category": ["Almia Castle", "Capture Arena", "Dialga Mission"], "requires": "(|Almia Castle Permit|) OR (|Progressive Capture Arena Permit:2|) OR (|Dialga in Hia Valley!?| AND |Ranger Net|)" },
 { "region": "Hippowdon", "name": "Capture Hippowdon", "category": ["Haruba Desert"], "requires": "(|Haruba Desert Permit| AND |Agility| AND |Doduo|)" },
 { "region": "Bronzor", "name": "Capture Bronzor", "category": ["Hippowdon Temple"], "requires": "(|Hippowdon Temple Permit|)" },
 { "region": "Bronzong", "name": "Capture Bronzong", "category": ["Hippowdon Temple"], "requires": "(|Hippowdon Temple Permit|)" },
 { "region": "Claydol", "name": "Capture Claydol", "category": ["Hippowdon Temple"], "requires": "(|Hippowdon Temple Permit| AND |Elevate| AND |Drifblim|)" },
 { "region": "Gabite", "name": "Capture Gabite", "category": ["Hippowdon Temple", "Capture Arena", "Tower Mission"], "requires": "(|Hippowdon Temple Permit| AND |Elevate| AND |Drifblim|) OR (|Progressive Capture Arena Permit|) OR (|Liberate the Tower!| AND |Ranger Net|)" },
 { "region": "Garchomp", "name": "Capture Garchomp (1)", "category": ["Hippowdon Temple", "Capture Arena", "Regigigas"], "requires": "(|Hippowdon Temple Permit| AND |Elevate| AND |Drifblim|) OR (|Progressive Capture Arena Permit:2|)" },
 { "region": "Garchomp", "name": "Capture Garchomp (2)", "category": ["Hippowdon Temple", "Capture Arena", "Regigigas"], "requires": "(|Hippowdon Temple Permit| AND |Elevate| AND |Drifblim|) OR (|Progressive Capture Arena Permit:2|)", "place_item": ["Garchomp"] },
 { "region": "Cresselia", "name": "Capture Cresselia (1)", "category": ["Capture Arena"], "requires": "(|Progressive Capture Arena Permit|)" },
 { "region": "Cresselia", "name": "Capture Cresselia (2)", "category": ["Capture Arena"], "requires": "(|Progressive Capture Arena Permit|)", "place_item": ["Cresselia"] },
 { "region": "Blaziken", "name": "Capture Blaziken", "category": ["Altru Building", "Capture Arena", "Tower Mission"], "requires": "(|Altru Building Permit|) OR (|Progressive Capture Arena Permit|) OR (|Liberate the Tower!| AND |Ranger Net| AND |Electrify|)" },
 { "region": "Absol", "name": "Capture Absol", "category": ["Altru Building", "Altru Tower", "Capture Arena", "Tower Mission", "Shaymin Mission"], "requires": "(|Altru Building Permit|) OR (|Altru Tower Permit|) OR (|Progressive Capture Arena Permit|) OR (|Liberate the Tower!| AND |Ranger Net| AND |Electrify|) OR (|Ranger Net| AND |For the Bride and Shaymin!|)" },
 { "region": "Darkrai", "name": "Capture Darkrai (1)", "category": ["Altru Tower", "Darkrai"], "requires": "(|Altru Tower Permit| AND |Red Gem| AND |Blue Gem| AND |Yellow Gem| AND |Progressive Crystal:2|)" },
 { "region": "Darkrai", "name": "Capture Darkrai (2)", "category": ["Altru Tower", "Darkrai"], "requires": "(|Altru Tower Permit| AND |Red Gem| AND |Blue Gem| AND |Yellow Gem| AND |Progressive Crystal:2|)", "place_item": ["Darkrai"] },
 { "region": "Aerodactyl", "name": "Capture Aerodactyl", "category": ["Peril Cliffs"], "requires": "(|Peril Cliffs Permit|)" },
 { "region": "Flygon", "name": "Capture Flygon", "category": ["Haruba Desert", "Capture Arena"], "requires": "(|Haruba Desert Permit|) OR (|Progressive Capture Arena Permit:3|)" },
 { "region": "Altaria", "name": "Capture Altaria", "category": ["Chroma Highlands"], "requires": "(|Chroma Highlands Permit|)" },
 { "region": "Togekiss", "name": "Capture Togekiss", "category": ["Altru Tower"], "requires": "(|Altru Tower Permit|)" },
 { "region": "Porygon-Z", "name": "Capture Porygon-Z", "category": ["Oil Field Hideout"], "requires": "(|Oil Field Hideout Permit|)" },
 { "region": "Regirock", "name": "Capture Regirock (1)", "category": ["Vien Forest", "Regigigas"], "requires": "(|Vien Forest Permit| AND |Crush| And |Garchomp|)" },
 { "region": "Regirock", "name": "Capture Regirock (2)", "category": ["Vien Forest", "Regigigas"], "requires": "(|Vien Forest Permit| AND |Crush| And |Garchomp|)", "place_item": ["Regirock"] },
 { "region": "Regice", "name": "Capture Regice (1)", "category": ["Almia Castle", "Regigigas"], "requires": "(|Almia Castle Permit| AND |Burn| AND |Magmortar|)" },
 { "region": "Regice", "name": "Capture Regice (2)", "category": ["Almia Castle", "Regigigas"], "requires": "(|Almia Castle Permit| AND |Burn| AND |Magmortar|)", "place_item": ["Regice"] },
 { "region": "Registeel", "name": "Capture Registeel (1)", "category": ["Chroma Ruins", "Regigigas"], "requires": "(|Chroma Ruins Permit| AND |Cut| AND |Gallade|)" },
 { "region": "Registeel", "name": "Capture Registeel (2)", "category": ["Chroma Ruins", "Regigigas"], "requires": "(|Chroma Ruins Permit| AND |Cut| AND |Gallade|)", "place_item": ["Registeel"] },
 { "region": "Regigigas", "name": "Capture Regigigas (1)", "category": ["Hippowdon Temple", "Regigigas"], "requires": "(|Hippowdon Temple Permit| AND |Elevate| AND |Drifblim| AND |Regice| AND |Regirock| AND |Registeel|)" },
 { "region": "Regigigas", "name": "Capture Regigigas (2)", "category": ["Hippowdon Temple", "Regigigas"], "requires": "(|Hippowdon Temple Permit| AND |Elevate| AND |Drifblim| AND |Regice| AND |Regirock| AND |Registeel|)", "place_item": ["Regigigas"] },
 { "region": "Manaphy", "name": "Obtain a Manaphy Egg (1)", "category": ["Manaphy Mission"], "requires": "(|Recover the Manaphy Egg!| AND |Ranger Net| AND |Crush|)" },
 { "region": "Manaphy", "name": "Obtain a Manaphy Egg (2)", "category": ["Manaphy Mission"], "requires": "(|Recover the Manaphy Egg!| AND |Ranger Net| AND |Crush|)", "place_item": ["Manaphy Egg"] },
 { "region": "Dialga", "name": "Capture Dialga (1)", "category": ["Dialga Mission"], "requires": "(|Dialga in Hia Valley!?| AND |Ranger Net| AND |Burn| AND |Psy Power|)" },
 { "region": "Dialga", "name": "Capture Dialga (2)", "category": ["Dialga Mission"], "requires": "(|Dialga in Hia Valley!?| AND |Ranger Net| AND |Burn| AND |Psy Power|)", "place_item": ["Dialga"] },
 { "region": "Palkia", "name": "Capture Palkia (1)", "category": ["Palkia Mission"], "requires": "(|Ranger Net| AND |Palkia in Haruba Desert!?|)" },
 { "region": "Palkia", "name": "Capture Palkia (2)", "category": ["Palkia Mission"], "requires": "(|Ranger Net| AND |Palkia in Haruba Desert!?|)", "place_item": ["Palkia"] },
 { "region": "Shaymin", "name": "Capture Shaymin (1)", "category": ["Shaymin Mission"], "requires": "(|Ranger Net| AND |For the Bride and Shaymin!|)" },
 { "region": "Shaymin", "name": "Capture Shaymin (2)", "category": ["Shaymin Mission"], "requires": "(|Ranger Net| AND |For the Bride and Shaymin!|)", "place_item": ["Shaymin"] },

 { "region": "Victory", "name": "Caught Darkrai", "victory": true, "category": ["Victory Darkrai"], "requires": "(|Darkrai|)" },
 { "region": "Victory", "name": "Caught Regigigas", "victory": true, "category": ["Victory Regigigas"], "requires": "(|Regigigas|)" },
 { "region": "Victory", "name": "Caught Darkrai & Regigigas", "victory": true, "category": ["Victory Darkrai & Regigigas"], "requires": "(|Darkrai| AND |Regigigas|)" },
 { "region": "Victory", "name": "Caught All Legendary Pokemon", "victory": true, "category": ["Victory Legendary Pokemon"], "requires": "(|Darkrai| AND |Regigigas| AND |Regirock| AND |Regice| AND |Registeel| AND |Heatran| AND |Cresselia| AND |Manaphy Egg| AND |Dialga| AND |Palkia| AND |Shaymin|)" }
]