{
"Chicole Village": { "connects_to": ["Chicole Path","Chicole Village Fly Point","Sky", "Ranger Net" ], "requires": "" },
"Chicole Village Fly Point": { "connects_to": ["Chicole Village","Sky" ], "requires": "|Fly| AND |Staraptor| AND |Chicole Village Fly Point|" },
"Chicole Path": { "connects_to": ["Chicole Village", "Vientown","Sky", "Ranger Net","Chicole Path Capture" ], "requires": "" },
"Vientown": { "connects_to": ["Chicole Path", "School Road", "Marine Cave", "Vien Forest","Vientown Fly Point","Sky", "Ranger Net","Vientown Capture" ], "requires": "" },
"Vientown Fly Point": { "connects_to": ["Vientown","Sky" ], "requires": "|Fly| AND |Staraptor| AND |Vientown Fly Point|" },
"School Road": { "connects_to": ["Vientown", "Ranger School","Sky", "Ranger Net","School Road Capture" ], "requires": "" },
"Ranger School": { "connects_to": ["School Road", "Cargo Ship","Ranger School Fly Point","Sky", "Ranger Net","Ranger School Capture" ], "requires": "" },
"Ranger School Fly Point": { "connects_to": ["Ranger School","Sky" ], "requires": "|Fly| AND |Staraptor| AND |Ranger School Fly Point|" },
"Cargo Ship": { "connects_to": ["Ranger School","Ranger Net","Cargo Ship Capture" ], "requires": "" },
"Marine Cave": { "connects_to": ["Vientown","Ranger Net","Marine Cave Capture" ], "requires": "" },
"Vien Forest": { "connects_to": ["Vientown", "Vien Forest River", "Pueltown","Sky", "Ranger Net","Vien Forest Capture" ], "requires": "" },
"Vien Forest River": { "connects_to": ["Vien Forest", "Vien Forest North Island", "Vien Forest South Island","Ranger Net" ], "requires": "|River Flow 1| AND |Floatzel|" },
"Vien Forest North Island": { "connects_to": ["Vien Forest River","Sky", "Ranger Net","Vien Forest North Island Capture" ], "requires": "" },
"Vien Forest South Island": { "connects_to": ["Vien Forest River","Sky", "Ranger Net","Vien Forest South Island Capture" ], "requires": "" },
"Pueltown": { "connects_to": ["Vien Forest", "Altru Park","Pueltown Fly Point","Boat to Puel Sea", "Boat to Sea of Wailord", "Boat to Boyleland", "Boat to Haruba Village","Sky", "Ranger Net","Pueltown Capture" ], "requires": "" },
"Pueltown Fly Point": { "connects_to": ["Pueltown","Sky" ], "requires": "|Fly| AND |Staraptor| AND |Pueltown Fly Point|" },
"Boat to Pueltown": { "connects_to": ["Pueltown" ], "requires": "|Green Boat Key|" },
"Altru Park": { "connects_to": ["Pueltown", "Altru Building", "Chroma Road", "Union Road","Sky", "Ranger Net","Altru Park Capture" ], "requires": "" },
"Altru Building": { "connects_to": ["Altru Park", "Altru Tower","Altru Building Fly Point","Ranger Net","Altru Building Capture" ], "requires": "" },
"Altru Building Fly Point": { "connects_to": ["Altru Building","Sky" ], "requires": "|Fly| AND |Staraptor| AND |Altru Building Fly Point|" },
"Altru Tower": { "connects_to": ["Altru Building","Altru Tower Fly Point","Sky", "Ranger Net","Altru Tower Capture" ], "requires": "" },
"Altru Tower Fly Point": { "connects_to": ["Altru Tower","Sky" ], "requires": "|Fly| AND |Staraptor| AND |Altru Tower Fly Point|" },
"Chroma Road": { "connects_to": ["Altru Park", "Chroma Highlands","Sky", "Ranger Net","Chroma Road Capture" ], "requires": "" },
"Chroma Highlands": { "connects_to": ["Chroma Road", "Chroma Ruins","Chroma Highlands Fly Point","Sky", "Ranger Net","Chroma Highlands Capture" ], "requires": "" },
"Chroma Highlands Fly Point": { "connects_to": ["Chroma Highlands","Sky" ], "requires": "|Fly| AND |Staraptor| AND |Chroma Highlands Fly Point|" },
"Chroma Ruins": { "connects_to": ["Chroma Highlands","Chroma Ruins Fly Point","Ranger Net","Chroma Ruins Capture" ], "requires": "" },
"Chroma Ruins Fly Point": { "connects_to": ["Chroma Ruins","Sky" ], "requires": "|Fly| AND |Staraptor| AND |Chroma Ruins Fly Point|" },
"Union Road": { "connects_to": ["Altru Park", "Union Road River", "Peril Cliffs", "Ranger Union","Sky", "Ranger Net","Union Road Capture" ], "requires": "" },
"Union Road River": { "connects_to": ["Vien Forest River", "Union Road", "Crysta Cave River","Ranger Net" ], "requires": "" },
"Peril Cliffs": { "connects_to": ["Union Road","Sky", "Ranger Net","Peril Cliffs Capture" ], "requires": "" },
"Ranger Union": { "connects_to": ["Union Road","Ranger Union Fly Point","Sky", "Ranger Net","Ranger Union Capture" ], "requires": "" },
"Ranger Union Fly Point": { "connects_to": ["Ranger Union","Sky" ], "requires": "|Fly| AND |Staraptor| AND |Ranger Union Fly Point|" },
"Crysta Cave River": { "connects_to": ["Union Road River", "Crysta Cave Island", "Crysta Cave","Ranger Net" ], "requires": "|River Flow 1| AND |Floatzel|" },
"Crysta Cave Island": { "connects_to": ["Crysta Cave River","Ranger Net","Crysta Cave Island Capture" ], "requires": "" },
"Crysta Cave": { "connects_to": ["Crysta Cave River", "Crysta Cave Chingling River", "Hia Valley","Ranger Net","Crysta Cave Capture" ], "requires": "" },
"Crysta Cave Chingling River": { "connects_to": ["Crysta Cave", "Crysta Cave Chingling Island","Ranger Net" ], "requires": "|River Flow 1| AND |Floatzel|" },
"Crysta Cave Chingling Island": { "connects_to": ["Crysta Cave Chingling River","Ranger Net","Crysta Cave Chingling Island Capture" ], "requires": "" },
"Hia Valley": { "connects_to": ["Crysta Cave", "Shiver Camp", "Ice Lake South","Sky", "Ranger Net","Hia Valley Capture" ], "requires": "" },
"Shiver Camp": { "connects_to": ["Hia Valley","Shiver Camp Fly Point","Sky", "Ranger Net","Shiver Camp Capture" ], "requires": "" },
"Shiver Camp Fly Point": { "connects_to": ["Shiver Camp","Sky" ], "requires": "|Fly| AND |Staraptor| AND |Shiver Camp Fly Point|" },
"Ice Lake South": { "connects_to": ["Hia Valley", "Ice Lake Water","Sky", "Ranger Net","Ice Lake South Capture" ], "requires": "" },
"Ice Lake Water": { "connects_to": ["Ice Lake South", "Ice Lake North", "Ice Lake Abomasnow Island","Ranger Net" ], "requires": "|River Flow 2| AND |Empoleon|" },
"Ice Lake Abomasnow Island": { "connects_to": ["Ice Lake Water","Sky", "Ranger Net","Ice Lake Abomasnow Island Capture" ], "requires": "" },
"Ice Lake North": { "connects_to": ["Ice Lake Water", "Almia Castle", "Ice Lake Glaceon Water","Sky", "Ranger Net","Ice Lake North Capture" ], "requires": "" },
"Ice Lake Glaceon Water": { "connects_to": ["Ice Lake Water", "Ice Lake Glaceon Island","Ranger Net" ], "requires": "|River Flow 2| AND |Empoleon|" },
"Ice Lake Glaceon Island": { "connects_to": ["Ice Lake Glaceon Water","Sky", "Ranger Net","Ice Lake Glaceon Island Capture" ], "requires": "" },
"Almia Castle": { "connects_to": ["Ice Lake North","Almia Castle Fly Point","Sky", "Ranger Net","Almia Castle Capture" ], "requires": "" },
"Almia Castle Fly Point": { "connects_to": ["Almia Castle","Sky", "Ranger Net" ], "requires": "|Fly| AND |Staraptor| AND |Almia Castle Fly Point|" },
"Boat to Puel Sea": { "connects_to": ["Pueltown", "Puel Sea" ], "requires": "|Light Blue Boat Key|" },
"Puel Sea": { "connects_to": ["Boat to Puel Sea","Ranger Net","Puel Sea Capture" ], "requires": "" },
"Boat to Sea of Wailord": { "connects_to": ["Pueltown", "Sea of Wailord" ], "requires": "|Dark Blue Boat Key|" },
"Sea of Wailord": { "connects_to": ["Boat to Sea of Wailord","Ranger Net","Sea of Wailord Capture" ], "requires": "" },
"Boat to Boyleland": { "connects_to": ["Boyleland" ], "requires": "|Red Boat Key|" },
"Boyleland": { "connects_to": ["Volcano Cave","Boyleland Fly Point","Boat to Pueltown", "Boat to Haruba Village","Sky", "Ranger Net","Boyleland Capture" ], "requires": "" },
"Boyleland Fly Point": { "connects_to": ["Boyleland","Sky" ], "requires": "|Fly| AND |Staraptor| AND |Boyleland Fly Point|" },
"Volcano Cave": { "connects_to": ["Boyleland","Ranger Net","Volcano Cave Capture" ], "requires": "" },
"Boat to Haruba Village": { "connects_to": ["Haruba Village" ], "requires": "|Orange Boat Key|" },
"Haruba Village": { "connects_to": ["Haruba Desert","Haruba Village Fly Point","Boat to Pueltown", "Boat to Boyleland", "Wailord to Capture Arena","Sky", "Ranger Net","Haruba Village Capture" ], "requires": "" },
"Haruba Village Fly Point": { "connects_to": ["Haruba Village","Sky" ], "requires": "|Fly| AND |Staraptor| AND |Haruba Village Fly Point|" },
"Haruba Desert": { "connects_to": ["Haruba Village", "Hippowdon Temple","Sky", "Ranger Net","Haruba Desert Capture" ], "requires": "" },
"Hippowdon Temple": { "connects_to": ["Haruba Desert","Hippowdon Temple Fly Point","Sky", "Ranger Net","Hippowdon Temple Capture" ], "requires": "" },
"Hippowdon Temple Fly Point": { "connects_to": ["Hippowdon Temple","Sky" ], "requires": "|Fly| AND |Staraptor| AND |Hippowdon Temple Fly Point|" },
"Wailord to Capture Arena": { "connects_to": ["Haruba Village", "Capture Arena" ], "requires": "|Wailord|" },
"Capture Arena": { "connects_to": ["Capture Arena Fly Point","Wailord to Capture Arena","Sky", "Ranger Net","Capture Arena Capture 1", "Capture Arena Capture 2", "Capture Arena Capture 3" ], "requires": "" },
"Capture Arena Fly Point": { "connects_to": ["Capture Arena","Sky" ], "requires": "|Fly| AND |Staraptor| AND |Capture Arena Fly Point|" },
"Oil Field Hideout": { "connects_to": ["Oil Field Hideout Fly Point","Sky", "Ranger Net","Oil Field Hideout Capture" ], "requires": "" },
"Oil Field Hideout Fly Point": { "connects_to": ["Oil Field Hideout","Sky" ], "requires": "|Fly| AND |Staraptor| AND |Oil Field Hideout Fly Point|" },
"Manaphy Mission": { "connects_to": ["Ranger Net","Manaphy Mission Capture" ], "requires": "|Recover the Manaphy Egg!| AND |Ranger Net|" },
"Riolu Mission": { "connects_to": ["Ranger Net","Riolu Mission Capture" ], "requires": "|Rescue Kidnapped Riolu!| AND |Ranger Net|" },
"Tower Mission": { "connects_to": ["Ranger Net","Tower Mission Capture" ], "requires": "|Liberate the Tower!| AND |Ranger Net|" },
"Dialga Mission": { "connects_to": ["Ranger Net","Dialga Mission Capture" ], "requires": "|Dialga in Hia Valley!?| AND |Ranger Net|" },
"Palkia Mission": { "connects_to": ["Ranger Net","Palkia Mission Capture" ], "requires": "|Palkia in Haruba Desert!?| AND |Ranger Net|" },
"Shaymin Mission": { "connects_to": ["Ranger Net","Shaymin Mission Capture" ], "requires": "|For the Bride and Shaymin!| AND |Ranger Net|" },
"Sky": { "connects_to": ["Chicole Village Fly Point", "Vientown Fly Point", "Ranger School Fly Point", "Pueltown Fly Point", "Altru Building Fly Point", "Altru Tower Fly Point", "Chroma Highlands Fly Point", "Chroma Ruins Fly Point", "Ranger Union Fly Point", "Shiver Camp Fly Point", "Almia Castle Fly Point", "Boyleland Fly Point", "Haruba Village Fly Point", "Hippowdon Temple Fly Point", "Capture Arena Fly Point", "Oil Field Hideout Fly Point" ], "requires": "|Fly| AND |Staraptor|" },
"Ranger Net": { "connects_to": ["Manaphy Mission", "Riolu Mission", "Tower Mission", "Dialga Mission", "Palkia Mission", "Shaymin Mission" ], "requires": "" },

"Pichu": { "connects_to": [ ], "requires": "" },
"Pikachu": { "connects_to": [ ], "requires": "" },
"Raichu": { "connects_to": [ ], "requires": "" },
"Bidoof": { "connects_to": [ ], "requires": "" },
"Bibarel": { "connects_to": [ ], "requires": "" },
"Taillow": { "connects_to": [ ], "requires": "" },
"Swellow": { "connects_to": [ ], "requires": "" },
"Budew": { "connects_to": [ ], "requires": "" },
"Roselia": { "connects_to": [ ], "requires": "" },
"Roserade": { "connects_to": [ ], "requires": "" },
"Squirtle": { "connects_to": [ ], "requires": "" },
"Wartortle": { "connects_to": [ ], "requires": "" },
"Blastoise": { "connects_to": [ ], "requires": "" },
"Zubat": { "connects_to": [ ], "requires": "" },
"Golbat": { "connects_to": [ ], "requires": "" },
"Crobat": { "connects_to": [ ], "requires": "" },
"Gastly": { "connects_to": [ ], "requires": "" },
"Haunter": { "connects_to": [ ], "requires": "" },
"Gengar": { "connects_to": [ ], "requires": "" },
"Buneary": { "connects_to": [ ], "requires": "" },
"Lopunny": { "connects_to": [ ], "requires": "" },
"Happiny": { "connects_to": [ ], "requires": "" },
"Staravia": { "connects_to": [ ], "requires": "" },
"Staraptor": { "connects_to": [ ], "requires": "" },
"Makuhita": { "connects_to": [ ], "requires": "" },
"Hariyama": { "connects_to": [ ], "requires": "" },
"Bonsly": { "connects_to": [ ], "requires": "" },
"Sudowoodo": { "connects_to": [ ], "requires": "" },
"Slakoth": { "connects_to": [ ], "requires": "" },
"Seedot": { "connects_to": [ ], "requires": "" },
"Nuzleaf": { "connects_to": [ ], "requires": "" },
"Shiftry": { "connects_to": [ ], "requires": "" },
"Tangrowth": { "connects_to": [ ], "requires": "" },
"Shellos": { "connects_to": [ ], "requires": "" },
"Gastrodon": { "connects_to": [ ], "requires": "" },
"Glameow": { "connects_to": [ ], "requires": "" },
"Purugly": { "connects_to": [ ], "requires": "" },
"Geodude": { "connects_to": [ ], "requires": "" },
"Graveler": { "connects_to": [ ], "requires": "" },
"Golem": { "connects_to": [ ], "requires": "" },
"Nosepass": { "connects_to": [ ], "requires": "" },
"Probopass": { "connects_to": [ ], "requires": "" },
"Miltank": { "connects_to": [ ], "requires": "" },
"Cherubi": { "connects_to": [ ], "requires": "" },
"Cherrim": { "connects_to": [ ], "requires": "" },
"Shinx": { "connects_to": [ ], "requires": "" },
"Luxio": { "connects_to": [ ], "requires": "" },
"Luxray": { "connects_to": [ ], "requires": "" },
"Grotle": { "connects_to": [ ], "requires": "" },
"Torterra": { "connects_to": [ ], "requires": "" },
"Buizel": { "connects_to": [ ], "requires": "" },
"Floatzel": { "connects_to": [ ], "requires": "" },
"Weedle": { "connects_to": [ ], "requires": "" },
"Beedrill": { "connects_to": [ ], "requires": "" },
"Combee": { "connects_to": [ ], "requires": "" },
"Vespiquen": { "connects_to": [ ], "requires": "" },
"Tyrogue": { "connects_to": [ ], "requires": "" },
"Magnemite": { "connects_to": [ ], "requires": "" },
"Magneton": { "connects_to": [ ], "requires": "" },
"Magnezone": { "connects_to": [ ], "requires": "" },
"Growlithe": { "connects_to": [ ], "requires": "" },
"Arcanine": { "connects_to": [ ], "requires": "" },
"Rattata": { "connects_to": [ ], "requires": "" },
"Raticate": { "connects_to": [ ], "requires": "" },
"Chatot": { "connects_to": [ ], "requires": "" },
"Elekid": { "connects_to": [ ], "requires": "" },
"Electabuzz": { "connects_to": [ ], "requires": "" },
"Electivire": { "connects_to": [ ], "requires": "" },
"Magby": { "connects_to": [ ], "requires": "" },
"Magmar": { "connects_to": [ ], "requires": "" },
"Magmortar": { "connects_to": [ ], "requires": "" },
"Voltorb": { "connects_to": [ ], "requires": "" },
"Electrode": { "connects_to": [ ], "requires": "" },
"Wingull": { "connects_to": [ ], "requires": "" },
"Pelipper": { "connects_to": [ ], "requires": "" },
"Toxicroak": { "connects_to": [ ], "requires": "" },
"Kricketune": { "connects_to": [ ], "requires": "" },
"Rampardos": { "connects_to": [ ], "requires": "" },
"Finneon": { "connects_to": [ ], "requires": "" },
"Lumineon": { "connects_to": [ ], "requires": "" },
"Chinchou": { "connects_to": [ ], "requires": "" },
"Lanturn": { "connects_to": [ ], "requires": "" },
"Mantyke": { "connects_to": [ ], "requires": "" },
"Mantine": { "connects_to": [ ], "requires": "" },
"Qwilfish": { "connects_to": [ ], "requires": "" },
"Corsola": { "connects_to": [ ], "requires": "" },
"Staryu": { "connects_to": [ ], "requires": "" },
"Starmie": { "connects_to": [ ], "requires": "" },
"Sharpedo": { "connects_to": [ ], "requires": "" },
"Eevee": { "connects_to": [ ], "requires": "" },
"Vaporeon": { "connects_to": [ ], "requires": "" },
"Jolteon": { "connects_to": [ ], "requires": "" },
"Flareon": { "connects_to": [ ], "requires": "" },
"Espeon": { "connects_to": [ ], "requires": "" },
"Umbreon": { "connects_to": [ ], "requires": "" },
"Leafeon": { "connects_to": [ ], "requires": "" },
"Glaceon": { "connects_to": [ ], "requires": "" },
"Mareep": { "connects_to": [ ], "requires": "" },
"Flaaffy": { "connects_to": [ ], "requires": "" },
"Ampharos": { "connects_to": [ ], "requires": "" },
"Aipom": { "connects_to": [ ], "requires": "" },
"Ambipom": { "connects_to": [ ], "requires": "" },
"Pineco": { "connects_to": [ ], "requires": "" },
"Forretress": { "connects_to": [ ], "requires": "" },
"Spearow": { "connects_to": [ ], "requires": "" },
"Fearow": { "connects_to": [ ], "requires": "" },
"Oddish": { "connects_to": [ ], "requires": "" },
"Gloom": { "connects_to": [ ], "requires": "" },
"Vileplume": { "connects_to": [ ], "requires": "" },
"Bellossom": { "connects_to": [ ], "requires": "" },
"Yanma": { "connects_to": [ ], "requires": "" },
"Yanmega": { "connects_to": [ ], "requires": "" },
"Larvitar": { "connects_to": [ ], "requires": "" },
"Pupitar": { "connects_to": [ ], "requires": "" },
"Tyranitar": { "connects_to": [ ], "requires": "" },
"Pinsir": { "connects_to": [ ], "requires": "" },
"Numel": { "connects_to": [ ], "requires": "" },
"Camerupt": { "connects_to": [ ], "requires": "" },
"Mankey": { "connects_to": [ ], "requires": "" },
"Primeape": { "connects_to": [ ], "requires": "" },
"Gligar": { "connects_to": [ ], "requires": "" },
"Gliscor": { "connects_to": [ ], "requires": "" },
"Mawile": { "connects_to": [ ], "requires": "" },
"Aron": { "connects_to": [ ], "requires": "" },
"Lairon": { "connects_to": [ ], "requires": "" },
"Aggron": { "connects_to": [ ], "requires": "" },
"Doduo": { "connects_to": [ ], "requires": "" },
"Dodrio": { "connects_to": [ ], "requires": "" },
"Carnivine": { "connects_to": [ ], "requires": "" },
"Charmander": { "connects_to": [ ], "requires": "" },
"Charmeleon": { "connects_to": [ ], "requires": "" },
"Charizard": { "connects_to": [ ], "requires": "" },
"Slugma": { "connects_to": [ ], "requires": "" },
"Magcargo": { "connects_to": [ ], "requires": "" },
"Drifloon": { "connects_to": [ ], "requires": "" },
"Drifblim": { "connects_to": [ ], "requires": "" },
"Stunky": { "connects_to": [ ], "requires": "" },
"Skuntank": { "connects_to": [ ], "requires": "" },
"Kangaskhan": { "connects_to": [ ], "requires": "" },
"Shuppet": { "connects_to": [ ], "requires": "" },
"Banette": { "connects_to": [ ], "requires": "" },
"Rhyhorn": { "connects_to": [ ], "requires": "" },
"Rhydon": { "connects_to": [ ], "requires": "" },
"Rhyperior": { "connects_to": [ ], "requires": "" },
"Muk": { "connects_to": [ ], "requires": "" },
"Houndour": { "connects_to": [ ], "requires": "" },
"Houndoom": { "connects_to": [ ], "requires": "" },
"Spinarak": { "connects_to": [ ], "requires": "" },
"Ariados": { "connects_to": [ ], "requires": "" },
"Ralts": { "connects_to": [ ], "requires": "" },
"Kirlia": { "connects_to": [ ], "requires": "" },
"Gardevoir": { "connects_to": [ ], "requires": "" },
"Gallade": { "connects_to": [ ], "requires": "" },
"Machoke": { "connects_to": [ ], "requires": "" },
"Machamp": { "connects_to": [ ], "requires": "" },
"Mr. Mime": { "connects_to": [ ], "requires": "" },
"Drowzee": { "connects_to": [ ], "requires": "" },
"Hypno": { "connects_to": [ ], "requires": "" },
"Monferno": { "connects_to": [ ], "requires": "" },
"Infernape": { "connects_to": [ ], "requires": "" },
"Vulpix": { "connects_to": [ ], "requires": "" },
"Ninetales": { "connects_to": [ ], "requires": "" },
"Skorupi": { "connects_to": [ ], "requires": "" },
"Drapion": { "connects_to": [ ], "requires": "" },
"Lickilicky": { "connects_to": [ ], "requires": "" },
"Ponyta": { "connects_to": [ ], "requires": "" },
"Rapidash": { "connects_to": [ ], "requires": "" },
"Girafarig": { "connects_to": [ ], "requires": "" },
"Tauros": { "connects_to": [ ], "requires": "" },
"Ninjask": { "connects_to": [ ], "requires": "" },
"Bastiodon": { "connects_to": [ ], "requires": "" },
"Abra": { "connects_to": [ ], "requires": "" },
"Alakazam": { "connects_to": [ ], "requires": "" },
"Murkrow": { "connects_to": [ ], "requires": "" },
"Honchkrow": { "connects_to": [ ], "requires": "" },
"Koffing": { "connects_to": [ ], "requires": "" },
"Weezing": { "connects_to": [ ], "requires": "" },
"Skarmory": { "connects_to": [ ], "requires": "" },
"Duskull": { "connects_to": [ ], "requires": "" },
"Dusclops": { "connects_to": [ ], "requires": "" },
"Dusknoir": { "connects_to": [ ], "requires": "" },
"Sableye": { "connects_to": [ ], "requires": "" },
"Sandshrew": { "connects_to": [ ], "requires": "" },
"Sandslash": { "connects_to": [ ], "requires": "" },
"Spiritomb": { "connects_to": [ ], "requires": "" },
"Spheal": { "connects_to": [ ], "requires": "" },
"Sealeo": { "connects_to": [ ], "requires": "" },
"Walrein": { "connects_to": [ ], "requires": "" },
"Swinub": { "connects_to": [ ], "requires": "" },
"Piloswine": { "connects_to": [ ], "requires": "" },
"Mamoswine": { "connects_to": [ ], "requires": "" },
"Jigglypuff": { "connects_to": [ ], "requires": "" },
"Wigglytuff": { "connects_to": [ ], "requires": "" },
"Chingling": { "connects_to": [ ], "requires": "" },
"Prinplup": { "connects_to": [ ], "requires": "" },
"Empoleon": { "connects_to": [ ], "requires": "" },
"Delibird": { "connects_to": [ ], "requires": "" },
"Jynx": { "connects_to": [ ], "requires": "" },
"Abomasnow": { "connects_to": [ ], "requires": "" },
"Snorunt": { "connects_to": [ ], "requires": "" },
"Glalie": { "connects_to": [ ], "requires": "" },
"Froslass": { "connects_to": [ ], "requires": "" },
"Scyther": { "connects_to": [ ], "requires": "" },
"Scizor": { "connects_to": [ ], "requires": "" },
"Dratini": { "connects_to": [ ], "requires": "" },
"Dragonair": { "connects_to": [ ], "requires": "" },
"Mismagius": { "connects_to": [ ], "requires": "" },
"Riolu": { "connects_to": [ ], "requires": "" },
"Lucario": { "connects_to": [ ], "requires": "" },
"Torkoal": { "connects_to": [ ], "requires": "" },
"Bagon": { "connects_to": [ ], "requires": "" },
"Shelgon": { "connects_to": [ ], "requires": "" },
"Salamence": { "connects_to": [ ], "requires": "" },
"Heatran": { "connects_to": [ ], "requires": "" },
"Horsea": { "connects_to": [ ], "requires": "" },
"Seadra": { "connects_to": [ ], "requires": "" },
"Kingdra": { "connects_to": [ ], "requires": "" },
"Huntail": { "connects_to": [ ], "requires": "" },
"Gorebyss": { "connects_to": [ ], "requires": "" },
"Tentacruel": { "connects_to": [ ], "requires": "" },
"Omanyte": { "connects_to": [ ], "requires": "" },
"Omastar": { "connects_to": [ ], "requires": "" },
"Wailmer": { "connects_to": [ ], "requires": "" },
"Cacnea": { "connects_to": [ ], "requires": "" },
"Cacturne": { "connects_to": [ ], "requires": "" },
"Mothim": { "connects_to": [ ], "requires": "" },
"Victreebel": { "connects_to": [ ], "requires": "" },
"Sceptile": { "connects_to": [ ], "requires": "" },
"Weavile": { "connects_to": [ ], "requires": "" },
"Hippowdon": { "connects_to": [ ], "requires": "" },
"Bronzor": { "connects_to": [ ], "requires": "" },
"Bronzong": { "connects_to": [ ], "requires": "" },
"Claydol": { "connects_to": [ ], "requires": "" },
"Gabite": { "connects_to": [ ], "requires": "" },
"Garchomp": { "connects_to": [ ], "requires": "" },
"Cresselia": { "connects_to": [ ], "requires": "" },
"Blaziken": { "connects_to": [ ], "requires": "" },
"Absol": { "connects_to": [ ], "requires": "" },
"Aerodactyl": { "connects_to": [ ], "requires": "" },
"Flygon": { "connects_to": [ ], "requires": "" },
"Altaria": { "connects_to": [ ], "requires": "" },
"Togekiss": { "connects_to": [ ], "requires": "" },
"Porygon-Z": { "connects_to": [ ], "requires": "" },
"Regirock": { "connects_to": [ ], "requires": "" },
"Regice": { "connects_to": [ ], "requires": "" },
"Registeel": { "connects_to": [ ], "requires": "" },
"Regigigas": { "connects_to": ["Victory" ], "requires": "" },
"Manaphy": { "connects_to": [ ], "requires": "" },
"Dialga": { "connects_to": [ ], "requires": "" },
"Palkia": { "connects_to": [ ], "requires": "" },
"Shaymin": { "connects_to": [ ], "requires": "" },
"Darkrai": { "connects_to": ["Victory" ], "requires": "" },

"Chicole Path Capture": { "connects_to": ["Budew", "Staraptor", "Seedot", "Doduo" ], "requires": "|Chicole Path Permit|" },
"Vientown Capture": { "connects_to": ["Pichu", "Bidoof", "Taillow", "Shellos", "Glameow" ], "requires": "|Vientown Permit|" },
"School Road Capture": { "connects_to": ["Taillow", "Buneary", "Staraptor", "Doduo" ], "requires": "|School Road Permit|" },
"Ranger School Capture": { "connects_to": ["Pichu", "Bidoof", "Taillow", "Budew", "Squirtle", "Zubat", "Gastly", "Bonsly", "Slakoth", "Tangrowth", "Charmander" ], "requires": "|Ranger School Permit|" },
"Cargo Ship Capture": { "connects_to": ["Pikachu", "Makuhita", "Purugly", "Magnezone", "Raticate", "Electabuzz", "Magmar", "Voltorb", "Houndour", "Spinarak", "Ralts", "Machoke", "Drowzee", "Monferno", "Vulpix", "Lickilicky" ], "requires": "|Cargo Ship Permit|" },
"Marine Cave Capture": { "connects_to": ["Pichu", "Squirtle", "Zubat", "Shellos", "Gastrodon", "Geodude", "Graveler", "Nosepass" ], "requires": "|Marine Cave Permit|" },
"Vien Forest Capture": { "connects_to": ["Pichu", "Bidoof", "Bibarel", "Taillow", "Roselia", "Squirtle", "Wartortle", "Blastoise", "Buneary", "Happiny", "Staraptor", "Bonsly", "Glameow", "Cherubi", "Shinx", "Grotle", "Torterra", "Buizel", "Floatzel", "Weedle", "Beedrill", "Combee", "Ambipom", "Doduo", "Salamence" ], "requires": "|Vien Forest Permit|" },
"Vien Forest North Island Capture": { "connects_to": ["Pikachu", "Roserade", "Lopunny", "Shiftry", "Luxio", "Torterra", "Floatzel", "Kricketune", "Forretress", "Regirock" ], "requires": "|Vien Forest Permit|" },
"Vien Forest South Island Capture": { "connects_to": [ "Staraptor", "Luxio", "Floatzel", "Kricketune", "Leafeon" ], "requires": "|Vien Forest Permit|" },
"Pueltown Capture": { "connects_to": ["Pichu", "Bibarel", "Tyrogue", "Magnemite", "Growlithe", "Rattata", "Raticate", "Chatot", "Elekid", "Magby", "Voltorb", "Wingull", "Eevee", "Murkrow" ], "requires": "|Pueltown Permit|" },
"Altru Park Capture": { "connects_to": ["Staraptor" ], "requires": "|Altru Park Permit|" },
"Altru Building Capture": { "connects_to": ["Crobat", "Gengar", "Magneton", "Electabuzz", "Electrode", "Ampharos", "Primeape", "Ariados", "Gallade", "Hypno", "Scyther", "Scizor", "Blaziken", "Absol" ], "requires": "|Altru Building Permit|" },
"Altru Tower Capture": { "connects_to": ["Gengar", "Golem", "Magneton", "Arcanine", "Vaporeon", "Ampharos", "Primeape", "Rhydon", "Gardevoir", "Alakazam", "Absol", "Togekiss", "Darkrai" ], "requires": "|Altru Tower Permit|" },
"Chroma Road Capture": { "connects_to": ["Pikachu", "Staraptor", "Sudowoodo", "Nuzleaf", "Miltank", "Combee", "Vespiquen", "Flaaffy", "Doduo", "Dodrio", "Ponyta", "Girafarig", "Tauros", "Ninjask" ], "requires": "|Chroma Road Permit|" },
"Chroma Highlands Capture": { "connects_to": ["Pikachu", "Staraptor", "Beedrill", "Gloom", "Vileplume", "Carnivine", "Rapidash", "Bastiodon", "Abra", "Skarmory", "Altaria" ], "requires": "|Chroma Highlands Permit|" },
"Chroma Ruins Capture": { "connects_to": ["Probopass", "Electabuzz", "Umbreon", "Pupitar", "Drifblim", "Kirlia", "Hypno", "Bastiodon", "Koffing", "Duskull", "Sableye", "Sandshrew", "Registeel" ], "requires": "|Chroma Ruins Permit|" },
"Union Road Capture": { "connects_to": ["Bibarel", "Swellow", "Floatzel", "Magnemite", "Growlithe", "Mareep", "Aipom", "Pineco", "Spearow", "Oddish", "Yanma", "Doduo" ], "requires": "|Union Road Permit|" },
"Peril Cliffs Capture": { "connects_to": ["Staravia", "Geodude", "Graveler", "Cherrim", "Magnemite", "Rampardos", "Pineco", "Spearow", "Larvitar", "Pinsir", "Numel", "Mankey", "Gligar", "Mawile", "Aron", "Aerodactyl" ], "requires": "|Peril Cliffs Permit|" },
"Ranger Union Capture": { "connects_to": ["Staraptor", "Doduo" ], "requires": "|Ranger Union Permit|" },
"Crysta Cave Island Capture": { "connects_to": ["Golbat", "Floatzel", "Jigglypuff", "Salamence" ], "requires": "|Crysta Cave Permit|" },
"Crysta Cave Capture": { "connects_to": ["Pikachu", "Golbat", "Floatzel", "Camerupt", "Spheal", "Sealeo", "Swinub", "Piloswine" ], "requires": "|Crysta Cave Permit|" },
"Crysta Cave Chingling Island Capture": { "connects_to": ["Floatzel", "Chingling" ], "requires": "|Crysta Cave Permit|" },
"Hia Valley Capture": { "connects_to": ["Vulpix", "Spheal", "Sealeo", "Piloswine", "Prinplup", "Delibird" ], "requires": "|Hia Valley Permit|" },
"Shiver Camp Capture": { "connects_to": ["Staraptor" ], "requires": "|Shiver Camp Permit|" },
"Ice Lake South Capture": { "connects_to": ["Staraptor", "Empoleon" ], "requires": "|Ice Lake Permit|" },
"Ice Lake Abomasnow Island Capture": { "connects_to": ["Empoleon", "Abomasnow" ], "requires": "|Ice Lake Permit|" },
"Ice Lake North Capture": { "connects_to": ["Raichu", "Staraptor", "Vulpix", "Empoleon", "Jynx" ], "requires": "|Ice Lake Permit|" },
"Ice Lake Glaceon Island Capture": { "connects_to": ["Glaceon", "Empoleon" ], "requires": "|Ice Lake Permit|" },
"Almia Castle Capture": { "connects_to": ["Raichu", "Haunter", "Vaporeon", "Vulpix", "Ninetales", "Weezing", "Walrein", "Wigglytuff", "Jynx", "Snorunt", "Glalie", "Froslass", "Scyther", "Dratini", "Dragonair", "Mismagius", "Riolu", "Weavile", "Regice" ], "requires": "|Almia Castle Permit|" },
"Puel Sea Capture": { "connects_to": ["Finneon", "Lumineon", "Chinchou", "Mantyke", "Mantine", "Qwilfish", "Corsola", "Staryu", "Sharpedo" ], "requires": "|Puel Sea Permit|" },
"Sea of Wailord Capture": { "connects_to": ["Lanturn", "Mantine", "Starmie", "Sharpedo", "Horsea", "Seadra", "Kingdra", "Huntail", "Gorebyss", "Tentacruel", "Omanyte", "Omastar", "Wailmer" ], "requires": "|Sea of Wailord Permit|" },
"Boyleland Capture": { "connects_to": ["Staraptor", "Wingull" ], "requires": "|Boyleland Permit|" },
"Volcano Cave Capture": { "connects_to": ["Pikachu", "Raichu", "Hariyama", "Gastrodon", "Graveler", "Magnemite", "Magmar", "Magmortar", "Pelipper", "Flareon", "Lairon", "Aggron", "Charmander", "Charmeleon", "Charizard", "Slugma", "Magcargo", "Drifloon", "Drifblim", "Stunky", "Shuppet", "Rhyhorn", "Rhydon", "Muk", "Infernape", "Torkoal", "Bagon", "Shelgon" ], "requires": "|Volcano Cave Permit|" },
"Haruba Village Capture": { "connects_to": ["Sudowoodo", "Pelipper" ], "requires": "|Haruba Village Permit|" },
"Haruba Desert Capture": { "connects_to": ["Staraptor", "Magneton", "Jolteon", "Fearow", "Doduo", "Rhydon", "Skorupi", "Cacnea", "Cacturne", "Hippowdon", "Flygon" ], "requires": "|Haruba Desert Permit|" },
"Hippowdon Temple Capture": { "connects_to": ["Gengar", "Golem", "Magneton", "Espeon", "Bellossom", "Tyranitar", "Drifblim", "Banette", "Ariados", "Skorupi", "Dusknoir", "Sableye", "Sandslash", "Victreebel", "Bronzor", "Bronzong", "Claydol", "Gabite", "Garchomp", "Regigigas" ], "requires": "|Hippowdon Temple Permit|" },
"Capture Arena Capture 1": { "connects_to": ["Crobat", "Gengar", "Staraptor", "Shiftry", "Toxicroak", "Bellossom", "Tyranitar", "Gardevoir", "Alakazam", "Spiritomb", "Lucario", "Heatran", "Gabite", "Cresselia", "Blaziken", "Absol" ], "requires": "|Progressive Capture Arena Permit|" },
"Capture Arena Capture 2": { "connects_to": ["Swellow", "Tangrowth", "Eevee", "Vaporeon", "Jolteon", "Flareon", "Espeon", "Umbreon", "Leafeon", "Glaceon", "Fearow", "Yanmega", "Gliscor", "Aggron", "Drifblim", "Kangaskhan", "Banette", "Rhyperior", "Muk", "Houndoom", "Ariados", "Drapion", "Honchkrow", "Mamoswine", "Abomasnow", "Cacturne", "Weavile", "Garchomp" ], "requires": "|Progressive Capture Arena Permit:2|" },
"Capture Arena Capture 3": { "connects_to": ["Torterra", "Electivire", "Magmortar", "Charizard", "Infernape", "Empoleon", "Salamence", "Flygon" ], "requires": "|Progressive Capture Arena Permit:3|" },
"Oil Field Hideout Capture": { "connects_to": ["Haunter", "Staraptor", "Luxio", "Luxray", "Magneton", "Arcanine", "Electivire", "Skuntank", "Houndour", "Houndoom", "Machamp", "Mr. Mime", "Honchkrow", "Dusclops", "Dratini", "Sceptile", "Mothim", "Porygon-Z" ], "requires": "|Oil Field Hideout Permit|" },
"Manaphy Mission Capture": { "connects_to": ["Pichu", "Buneary", "Glameow", "Manaphy" ], "requires": "|Recover the Manaphy Egg!|" },
"Riolu Mission Capture": { "connects_to": ["Haunter", "Tangrowth", "Luxray", "Magneton", "Jolteon", "Houndour", "Houndoom", "Honchkrow", "Dusclops", "Riolu" ], "requires": "|Rescue Kidnapped Riolu!|" },
"Tower Mission Capture": { "connects_to": ["Swellow", "Haunter", "Gengar", "Golem", "Luxray", "Magneton", "Growlithe", "Arcanine", "Electrode", "Vaporeon", "Ampharos", "Primeape", "Gliscor", "Rhydon", "Ariados", "Gardevoir", "Drapion", "Glalie", "Scizor", "Gabite", "Blaziken", "Absol" ], "requires": "|Liberate the Tower!|" },
"Dialga Mission Capture": { "connects_to": ["Raichu", "Haunter", "Houndoom", "Vulpix", "Ninetales", "Walrein", "Swinub", "Piloswine", "Wigglytuff", "Glalie", "Mismagius", "Riolu", "Weavile", "Dialga" ], "requires": "|Dialga in Hia Valley!?|" },
"Palkia Mission Capture": { "connects_to": ["Raichu", "Haunter", "Lopunny", "Torterra", "Magneton","Fearow", "Vileplume", "Bellossom", "Primeape", "Aggron", "Carnivine", "Hypno", "Rapidash", "Sableye", "Sandslash", "Walrein", "Swinub", "Piloswine", "Jigglypuff", "Scizor", "Cacturne", "Sceptile", "Palkia" ], "requires": "|Palkia in Haruba Desert!?|" },
"Shaymin Mission Capture": { "connects_to": ["Pichu", "Bibarel", "Roserade", "Tyrogue", "Magnemite", "Growlithe", "Arcanine", "Rattata", "Chatot", "Elekid", "Magby", "Voltorb", "Umbreon", "Bellossom", "Absol", "Shaymin" ], "requires": "|For the Bride and Shaymin!|" },

"Victory": { "connects_to": [ ], "requires": "" },

"Start": { "starting": true, "connects_to": ["Chicole Path Start", "Ranger School Start", "Pueltown Start", "Chroma Highlands Start", "Union Road Start", "Hia Valley Start", "Puel Sea Start", "Sea of Wailord Start", "Volcano Cave Start", "Haruba Desert Start", "Oil Field Hideout Start" ], "requires": "" },
"Chicole Path Start": { "connects_to": ["Chicole Path" ], "requires": "|Chicole Path Start|" },
"Ranger School Start": { "connects_to": ["Ranger School" ], "requires": "|Ranger School Start|" },
"Pueltown Start": { "connects_to": ["Pueltown" ], "requires": "|Pueltown Start|" },
"Chroma Highlands Start": { "connects_to": ["Chroma Highlands" ], "requires": "|Chroma Highlands Start|" },
"Union Road Start": { "connects_to": ["Union Road" ], "requires": "|Union Road Start|" },
"Hia Valley Start": { "connects_to": ["Hia Valley" ], "requires": "|Hia Valley Start|" },
"Puel Sea Start": { "connects_to": ["Puel Sea" ], "requires": "|Puel Sea Start|" },
"Sea of Wailord Start": { "connects_to": ["Sea of Wailord" ], "requires": "|Sea of Wailord Start|" },
"Volcano Cave Start": { "connects_to": ["Volcano Cave" ], "requires": "|Volcano Cave Start|" },
"Haruba Desert Start": { "connects_to": ["Haruba Desert" ], "requires": "|Haruba Desert Start|" },
"Oil Field Hideout Start": { "connects_to": ["Oil Field Hideout" ], "requires": "|Oil Field Hideout Start|" }
}