[
{ "count":2, "name":"Pachirisu", "category": ["Partner Pokemon"], "useful":true},
{ "count":2, "name":"Starly", "category": ["Partner Pokemon"], "useful":true},
{ "count":2, "name":"Munchlax", "category": ["Partner Pokemon"], "useful":true},
{ "count":2, "name":"Gible", "category": ["Partner Pokemon"], "useful":true},
{ "count":2, "name":"Shieldon", "category": ["Partner Pokemon"], "useful":true},
{ "count":2, "name":"Cranidos", "category": ["Partner Pokemon"], "useful":true},
{ "count":2, "name":"Mime Jr.", "category": ["Partner Pokemon"], "useful":true},
{ "count":2, "name":"Croagunk", "category": ["Partner Pokemon"], "useful":true},
{ "count":2, "name":"Piplup", "category": ["Partner Pokemon"], "useful":true},
{ "count":2, "name":"Turtwig", "category": ["Partner Pokemon"], "useful":true},
{ "count":2, "name":"Chimchar", "category": ["Partner Pokemon"], "useful":true},
{ "count":2, "name":"Kricketot", "category": ["Partner Pokemon"], "useful":true},
{ "count":2, "name":"Machop", "category": ["Partner Pokemon"], "useful":true},
{ "count":2, "name":"Sneasel", "category": ["Partner Pokemon"], "useful":true},
{ "count":2, "name":"Snover", "category": ["Partner Pokemon"], "useful":true},
{ "count":2, "name":"Misdreavus", "category": ["Partner Pokemon"], "useful":true},
{ "count":2, "name":"Hippopotas", "category": ["Partner Pokemon"], "useful":true},

{ "count":1, "name":"Vientown Permit", "category": ["Permit"], "progression":true},
{ "count":1, "name":"Pueltown Permit", "category": ["Permit"], "progression":true},
{ "count":1, "name":"Haruba Village Permit", "category": ["Permit"], "progression":true},
{ "count":1, "name":"Boyleland Permit", "category": ["Permit"], "progression":true},
{ "count":1, "name":"Ranger Union Permit", "category": ["Permit"], "progression":true},
{ "count":1, "name":"Shiver Camp Permit", "category": ["Permit"], "progression":true},
{ "count":1, "name":"Ranger School Permit", "category": ["Permit"], "progression":true},
{ "count":1, "name":"Cargo Ship Permit", "category": ["Permit"], "progression":true},
{ "count":1, "name":"Marine Cave Permit", "category": ["Permit"], "progression":true},
{ "count":1, "name":"Vien Forest Permit", "category": ["Permit"], "progression":true},
{ "count":1, "name":"Puel Sea Permit", "category": ["Permit"], "progression":true},
{ "count":1, "name":"Sea of Wailord Permit", "category": ["Permit"], "progression":true},
{ "count":1, "name":"Haruba Desert Permit", "category": ["Permit"], "progression":true},
{ "count":1, "name":"Hippowdon Temple Permit", "category": ["Permit"], "progression":true},
{ "count":1, "name":"Volcano Cave Permit", "category": ["Permit"], "progression":true},
{ "count":1, "name":"Altru Building Permit", "category": ["Permit"], "progression":true},
{ "count":1, "name":"Altru Tower Permit", "category": ["Permit"], "progression":true},
{ "count":1, "name":"Chroma Highlands Permit", "category": ["Permit"], "progression":true},
{ "count":1, "name":"Chroma Ruins Permit", "category": ["Permit"], "progression":true},
{ "count":1, "name":"Peril Cliffs Permit", "category": ["Permit"], "progression":true},
{ "count":1, "name":"Crysta Cave Permit", "category": ["Permit"], "progression":true},
{ "count":1, "name":"Almia Castle Permit", "category": ["Permit"], "progression":true},
{ "count":1, "name":"Oil Field Hideout Permit", "category": ["Permit"], "progression":true},
{ "count":1, "name":"School Road Permit", "category": ["Permit"], "progression":true},
{ "count":1, "name":"Chicole Path Permit", "category": ["Permit"], "progression":true},
{ "count":1, "name":"Altru Park Permit", "category": ["Permit"], "progression":true},
{ "count":1, "name":"Chroma Road Permit", "category": ["Permit"], "progression":true},
{ "count":1, "name":"Union Road Permit", "category": ["Permit"], "progression":true},
{ "count":1, "name":"Hia Valley Permit", "category": ["Permit"], "progression":true},
{ "count":1, "name":"Ice Lake Permit", "category": ["Permit"], "progression":true},
{ "count":3, "name":"Progressive Capture Arena Permit", "category": ["Permit"], "progression":true},

{ "count":1, "name":"Almia Castle Fly Point", "category": ["Fly Point"], "progression":true},
{ "count":1, "name":"Shiver Camp Fly Point", "category": ["Fly Point"], "progression":true},
{ "count":1, "name":"Ranger Union Fly Point", "category": ["Fly Point"], "progression":true},
{ "count":1, "name":"Altru Tower Fly Point", "category": ["Fly Point"], "progression":true},
{ "count":1, "name":"Altru Building Fly Point", "category": ["Fly Point"], "progression":true},
{ "count":1, "name":"Chroma Highlands Fly Point", "category": ["Fly Point"], "progression":true},
{ "count":1, "name":"Chroma Ruins Fly Point", "category": ["Fly Point"], "progression":true},
{ "count":1, "name":"Pueltown Fly Point", "category": ["Fly Point"], "progression":true},
{ "count":1, "name":"Vientown Fly Point", "category": ["Fly Point"], "progression":true},
{ "count":1, "name":"Ranger School Fly Point", "category": ["Fly Point"], "progression":true},
{ "count":1, "name":"Chicole Village Fly Point", "category": ["Fly Point"], "progression":true},
{ "count":1, "name":"Oil Field Hideout Fly Point", "category": ["Fly Point"], "progression":true},
{ "count":1, "name":"Boyleland Fly Point", "category": ["Fly Point"], "progression":true},
{ "count":1, "name":"Haruba Village Fly Point", "category": ["Fly Point"], "progression":true},
{ "count":1, "name":"Hippowdon Temple Fly Point", "category": ["Fly Point"], "progression":true},
{ "count":1, "name":"Capture Arena Fly Point", "category": ["Fly Point"], "progression":true},

{ "count":1, "name":"Burn", "category": ["Field Move"], "progression":true},
{ "count":1, "name":"Crush", "category": ["Field Move"], "progression":true},
{ "count":1, "name":"Cut", "category": ["Field Move"], "progression":true},
{ "count":1, "name":"Electrify", "category": ["Field Move"], "progression":true},
{ "count":1, "name":"Psy Power", "category": ["Field Move"], "progression":true},
{ "count":1, "name":"Soak", "category": ["Field Move"], "progression":true},
{ "count":1, "name":"Tunnel", "category": ["Field Move"], "filler":true},
{ "count":1, "name":"Tackle", "category": ["Field Move"], "progression":true},
{ "count":1, "name":"Agility", "category": ["Field Move"], "progression":true},
{ "count":1, "name":"Fly", "category": ["Field Move"], "progression":true},
{ "count":1, "name":"Recharge", "category": ["Field Move"], "useful":true},
{ "count":1, "name":"Teleport", "category": ["Field Move"], "useful":true},
{ "count":1, "name":"Airlift", "category": ["Field Move"], "progression":true},
{ "count":1, "name":"Dark Power", "category": ["Field Move"], "progression":true},
{ "count":1, "name":"Demist", "category": ["Field Move"], "filler":true},
{ "count":1, "name":"Elevate", "category": ["Field Move"], "progression":true},
{ "count":1, "name":"Flash", "category": ["Field Move"], "useful":true},
{ "count":1, "name":"Magma Flow", "category": ["Field Move"], "progression":true},
{ "count":1, "name":"None (Field Move)", "category": ["Field Move"], "filler":true},
{ "count":1, "name":"Rain Dance", "category": ["Field Move"], "filler":true},
{ "count":1, "name":"Sand Fill", "category": ["Field Move"], "filler":true},
{ "count":1, "name":"Stink", "category": ["Field Move"], "filler":true},
{ "count":1, "name":"Swim", "category": ["Field Move"], "progression":true},
{ "count":1, "name":"River Flow 1", "category": ["Field Move"], "progression":true},
{ "count":1, "name":"River Flow 2", "category": ["Field Move"], "progression":true},

{ "count":1, "name":"Light Blue Boat Key", "category": ["Boat"], "progression":true},
{ "count":1, "name":"Orange Boat Key", "category": ["Boat"], "progression":true},
{ "count":1, "name":"Red Boat Key", "category": ["Boat"], "progression":true},
{ "count":1, "name":"Dark Blue Boat Key", "category": ["Boat"], "progression":true},
{ "count":1, "name":"Green Boat Key", "category": ["Boat"], "progression":true},
{ "count":1, "name":"Wailord", "category": ["Boat"], "progression":true},

{ "count":2, "name":"Progressive Styler Charge", "category": ["Misc"], "useful":true},
{ "count":1, "name":"Ranger Net", "category": ["Misc"], "progression":true},

{ "count":1, "name":"Gallade", "category": ["Pokemon"], "progression":true},
{ "count":1, "name":"Magmortar", "category": ["Pokemon"], "progression":true},
{ "count":1, "name":"Garchomp", "category": ["Pokemon"], "progression":true},
{ "count":1, "name":"Regice", "category": ["Pokemon"], "progression":true},
{ "count":1, "name":"Registeel", "category": ["Pokemon"], "progression":true},
{ "count":1, "name":"Regirock", "category": ["Pokemon"], "progression":true},
{ "count":1, "name":"Darkrai", "category": ["Pokemon"], "progression":true},
{ "count":1, "name":"Regigigas", "category": ["Pokemon"], "progression":true},
{ "count":1, "name":"Manaphy Egg", "category": ["Pokemon"], "progression":true},
{ "count":1, "name":"Dialga", "category": ["Pokemon"], "progression":true},
{ "count":1, "name":"Palkia", "category": ["Pokemon"], "progression":true},
{ "count":1, "name":"Shaymin", "category": ["Pokemon"], "progression":true},
{ "count":1, "name":"Heatran", "category": ["Pokemon"], "progression":true},
{ "count":1, "name":"Cresselia", "category": ["Pokemon"], "progression":true},
{ "count":1, "name":"Doduo", "category": ["Pokemon"], "progression":true},
{ "count":1, "name":"Staraptor", "category": ["Pokemon"], "progression":true},
{ "count":1, "name":"Floatzel", "category": ["Pokemon"], "progression":true},
{ "count":1, "name":"Empoleon", "category": ["Pokemon"], "progression":true},
{ "count":1, "name":"Torkoal", "category": ["Pokemon"], "progression":true},
{ "count":1, "name":"Drifloon", "category": ["Pokemon"], "progression":true},
{ "count":1, "name":"Drifblim", "category": ["Pokemon"], "progression":true},
{ "count":1, "name":"Mantine", "category": ["Pokemon"], "progression":true},

{ "count":1, "name":"Blue Gem", "category": ["Gem"], "progression":true},
{ "count":1, "name":"Red Gem", "category": ["Gem"], "progression":true},
{ "count":1, "name":"Yellow Gem", "category": ["Gem"], "progression":true},
{ "count":2, "name":"Progressive Crystal", "category": ["Gem"], "progression":true},

{ "count":2, "name":"Normal Assist", "category": ["Poke Assist"], "useful":true},
{ "count":2, "name":"Electric Assist", "category": ["Poke Assist"], "useful":true},
{ "count":2, "name":"Fire Assist", "category": ["Poke Assist"], "useful":true},
{ "count":2, "name":"Water Assist", "category": ["Poke Assist"], "useful":true},
{ "count":2, "name":"Grass Assist", "category": ["Poke Assist"], "useful":true},
{ "count":2, "name":"Flying Assist", "category": ["Poke Assist"], "useful":true},
{ "count":2, "name":"Fighting Assist", "category": ["Poke Assist"], "useful":true},
{ "count":2, "name":"Psychic Assist", "category": ["Poke Assist"], "useful":true},
{ "count":2, "name":"Dark Assist", "category": ["Poke Assist"], "useful":true},
{ "count":2, "name":"Ghost Assist", "category": ["Poke Assist"], "useful":true},
{ "count":2, "name":"Dragon Assist", "category": ["Poke Assist"], "useful":true},
{ "count":2, "name":"Ice Assist", "category": ["Poke Assist"], "useful":true},
{ "count":2, "name":"Ground Assist", "category": ["Poke Assist"], "useful":true},
{ "count":2, "name":"Rock Assist", "category": ["Poke Assist"], "useful":true},
{ "count":2, "name":"Steel Assist", "category": ["Poke Assist"], "useful":true},
{ "count":2, "name":"Bug Assist", "category": ["Poke Assist"], "useful":true},
{ "count":2, "name":"Poison Assist", "category": ["Poke Assist"], "useful":true},
{ "count":2, "name":"Recharge Assist", "category": ["Poke Assist"], "useful":true},

{ "count":1, "name":"Recover the Manaphy Egg!", "category": ["Mission"], "progression":true},
{ "count":1, "name":"Rescue Kidnapped Riolu!", "category": ["Mission"], "progression":true},
{ "count":1, "name":"Liberate the Tower!", "category": ["Mission"], "progression":true},
{ "count":1, "name":"Dialga in Hia Valley!?", "category": ["Mission"], "progression":true},
{ "count":1, "name":"Palkia in Haruba Desert!?", "category": ["Mission"], "progression":true},
{ "count":1, "name":"For the Bride and Shaymin!", "category": ["Mission"], "progression":true},

{ "count":1, "name":"Chicole Path Start", "category": ["Start Location"], "progression":true},
{ "count":1, "name":"Ranger School Start", "category": ["Start Location"], "progression":true},
{ "count":1, "name":"Pueltown Start", "category": ["Start Location"], "progression":true},
{ "count":1, "name":"Chroma Highlands Start", "category": ["Start Location"], "progression":true},
{ "count":1, "name":"Union Road Start", "category": ["Start Location"], "progression":true},
{ "count":1, "name":"Hia Valley Start", "category": ["Start Location"], "progression":true},
{ "count":1, "name":"Puel Sea Start", "category": ["Start Location"], "progression":true},
{ "count":1, "name":"Sea of Wailord Start", "category": ["Start Location"], "progression":true},
{ "count":1, "name":"Volcano Cave Start", "category": ["Start Location"], "progression":true},
{ "count":1, "name":"Haruba Desert Start", "category": ["Start Location"], "progression":true},
{ "count":1, "name":"Oil Field Hideout Start", "category": ["Start Location"], "progression":true}
]